product_id,demand_pattern,month_index,month_id,year,actual_qty
1,Smooth,1,202401,2024,23
1,Smooth,2,202402,2024,24
1,Smooth,3,202403,2024,24
1,Smooth,4,202404,2024,22
1,Smooth,5,202405,2024,24
1,Smooth,6,202406,2024,21
1,Smooth,7,202407,2024,20
1,Smooth,8,202408,2024,21
1,Smooth,9,202409,2024,20
1,Smooth,10,202410,2024,23
1,Smooth,11,202411,2024,22
1,Smooth,12,202412,2024,21
1,Smooth,13,202501,2025,24
1,Smooth,14,202502,2025,26
1,Smooth,15,202503,2025,27
1,Smooth,16,202504,2025,26
1,Smooth,17,202505,2025,25
1,Smooth,18,202506,2025,22
1,Smooth,19,202507,2025,22
1,Smooth,20,202508,2025,21
1,Smooth,21,202509,2025,22
1,Smooth,22,202510,2025,22
1,Smooth,23,202511,2025,22
1,Smooth,24,202512,2025,24
1,Smooth,25,202601,2026,25
1,Smooth,26,202602,2026,26
1,Smooth,27,202603,2026,27
1,Smooth,28,202604,2026,25
1,Smooth,29,202605,2026,26
1,Smooth,30,202606,2026,25
1,Smooth,31,202607,2026,23
1,Smooth,32,202608,2026,24
1,Smooth,33,202609,2026,22
1,Smooth,34,202610,2026,23
1,Smooth,35,202611,2026,23
1,Smooth,36,202612,2026,25
2,Smooth,1,202401,2024,21
2,Smooth,2,202402,2024,25
2,Smooth,3,202403,2024,20
2,Smooth,4,202404,2024,23
2,Smooth,5,202405,2024,23
2,Smooth,6,202406,2024,22
2,Smooth,7,202407,2024,20
2,Smooth,8,202408,2024,19
2,Smooth,9,202409,2024,20
2,Smooth,10,202410,2024,19
2,Smooth,11,202411,2024,18
2,Smooth,12,202412,2024,23
2,Smooth,13,202501,2025,23
2,Smooth,14,202502,2025,25
2,Smooth,15,202503,2025,25
2,Smooth,16,202504,2025,23
2,Smooth,17,202505,2025,25
2,Smooth,18,202506,2025,23
2,Smooth,19,202507,2025,21
2,Smooth,20,202508,2025,23
2,Smooth,21,202509,2025,20
2,Smooth,22,202510,2025,19
2,Smooth,23,202511,2025,20
2,Smooth,24,202512,2025,22
2,Smooth,25,202601,2026,26
2,Smooth,26,202602,2026,25
2,Smooth,27,202603,2026,28
2,Smooth,28,202604,2026,26
2,Smooth,29,202605,2026,24
2,Smooth,30,202606,2026,23
2,Smooth,31,202607,2026,23
2,Smooth,32,202608,2026,22
2,Smooth,33,202609,2026,22
2,Smooth,34,202610,2026,23
2,Smooth,35,202611,2026,23
2,Smooth,36,202612,2026,24
3,Smooth,1,202401,2024,29
3,Smooth,2,202402,2024,27
3,Smooth,3,202403,2024,27
3,Smooth,4,202404,2024,28
3,Smooth,5,202405,2024,27
3,Smooth,6,202406,2024,28
3,Smooth,7,202407,2024,23
3,Smooth,8,202408,2024,27
3,Smooth,9,202409,2024,24
3,Smooth,10,202410,2024,26
3,Smooth,11,202411,2024,26
3,Smooth,12,202412,2024,28
3,Smooth,13,202501,2025,28
3,Smooth,14,202502,2025,31
3,Smooth,15,202503,2025,31
3,Smooth,16,202504,2025,33
3,Smooth,17,202505,2025,31
3,Smooth,18,202506,2025,28
3,Smooth,19,202507,2025,29
3,Smooth,20,202508,2025,25
3,Smooth,21,202509,2025,28
3,Smooth,22,202510,2025,25
3,Smooth,23,202511,2025,29
3,Smooth,24,202512,2025,28
3,Smooth,25,202601,2026,29
3,Smooth,26,202602,2026,30
3,Smooth,27,202603,2026,34
3,Smooth,28,202604,2026,35
3,Smooth,29,202605,2026,32
3,Smooth,30,202606,2026,33
3,Smooth,31,202607,2026,29
3,Smooth,32,202608,2026,27
3,Smooth,33,202609,2026,28
3,Smooth,34,202610,2026,28
3,Smooth,35,202611,2026,30
3,Smooth,36,202612,2026,31
4,Smooth,1,202401,2024,21
4,Smooth,2,202402,2024,23
4,Smooth,3,202403,2024,24
4,Smooth,4,202404,2024,23
4,Smooth,5,202405,2024,27
4,Smooth,6,202406,2024,20
4,Smooth,7,202407,2024,24
4,Smooth,8,202408,2024,19
4,Smooth,9,202409,2024,21
4,Smooth,10,202410,2024,21
4,Smooth,11,202411,2024,22
4,Smooth,12,202412,2024,22
4,Smooth,13,202501,2025,25
4,Smooth,14,202502,2025,25
4,Smooth,15,202503,2025,27
4,Smooth,16,202504,2025,25
4,Smooth,17,202505,2025,25
4,Smooth,18,202506,2025,23
4,Smooth,19,202507,2025,22
4,Smooth,20,202508,2025,22
4,Smooth,21,202509,2025,21
4,Smooth,22,202510,2025,22
4,Smooth,23,202511,2025,23
4,Smooth,24,202512,2025,24
4,Smooth,25,202601,2026,23
4,Smooth,26,202602,2026,27
4,Smooth,27,202603,2026,25
4,Smooth,28,202604,2026,28
4,Smooth,29,202605,2026,28
4,Smooth,30,202606,2026,23
4,Smooth,31,202607,2026,22
4,Smooth,32,202608,2026,23
4,Smooth,33,202609,2026,22
4,Smooth,34,202610,2026,23
4,Smooth,35,202611,2026,24
4,Smooth,36,202612,2026,26
5,Smooth,1,202401,2024,23
5,Smooth,2,202402,2024,22
5,Smooth,3,202403,2024,23
5,Smooth,4,202404,2024,24
5,Smooth,5,202405,2024,24
5,Smooth,6,202406,2024,23
5,Smooth,7,202407,2024,22
5,Smooth,8,202408,2024,24
5,Smooth,9,202409,2024,20
5,Smooth,10,202410,2024,19
5,Smooth,11,202411,2024,21
5,Smooth,12,202412,2024,24
5,Smooth,13,202501,2025,24
5,Smooth,14,202502,2025,24
5,Smooth,15,202503,2025,25
5,Smooth,16,202504,2025,24
5,Smooth,17,202505,2025,22
5,Smooth,18,202506,2025,22
5,Smooth,19,202507,2025,23
5,Smooth,20,202508,2025,22
5,Smooth,21,202509,2025,20
5,Smooth,22,202510,2025,20
5,Smooth,23,202511,2025,21
5,Smooth,24,202512,2025,22
5,Smooth,25,202601,2026,23
5,Smooth,26,202602,2026,23
5,Smooth,27,202603,2026,27
5,Smooth,28,202604,2026,26
5,Smooth,29,202605,2026,25
5,Smooth,30,202606,2026,24
5,Smooth,31,202607,2026,23
5,Smooth,32,202608,2026,22
5,Smooth,33,202609,2026,23
5,Smooth,34,202610,2026,23
5,Smooth,35,202611,2026,24
5,Smooth,36,202612,2026,26
6,Smooth,1,202401,2024,19
6,Smooth,2,202402,2024,20
6,Smooth,3,202403,2024,21
6,Smooth,4,202404,2024,21
6,Smooth,5,202405,2024,18
6,Smooth,6,202406,2024,19
6,Smooth,7,202407,2024,18
6,Smooth,8,202408,2024,18
6,Smooth,9,202409,2024,18
6,Smooth,10,202410,2024,18
6,Smooth,11,202411,2024,19
6,Smooth,12,202412,2024,21
6,Smooth,13,202501,2025,18
6,Smooth,14,202502,2025,20
6,Smooth,15,202503,2025,22
6,Smooth,16,202504,2025,23
6,Smooth,17,202505,2025,20
6,Smooth,18,202506,2025,23
6,Smooth,19,202507,2025,20
6,Smooth,20,202508,2025,19
6,Smooth,21,202509,2025,19
6,Smooth,22,202510,2025,18
6,Smooth,23,202511,2025,20
6,Smooth,24,202512,2025,21
6,Smooth,25,202601,2026,22
6,Smooth,26,202602,2026,23
6,Smooth,27,202603,2026,23
6,Smooth,28,202604,2026,25
6,Smooth,29,202605,2026,22
6,Smooth,30,202606,2026,23
6,Smooth,31,202607,2026,21
6,Smooth,32,202608,2026,21
6,Smooth,33,202609,2026,20
6,Smooth,34,202610,2026,20
6,Smooth,35,202611,2026,22
6,Smooth,36,202612,2026,22
7,Smooth,1,202401,2024,27
7,Smooth,2,202402,2024,35
7,Smooth,3,202403,2024,33
7,Smooth,4,202404,2024,34
7,Smooth,5,202405,2024,31
7,Smooth,6,202406,2024,32
7,Smooth,7,202407,2024,28
7,Smooth,8,202408,2024,28
7,Smooth,9,202409,2024,27
7,Smooth,10,202410,2024,29
7,Smooth,11,202411,2024,32
7,Smooth,12,202412,2024,31
7,Smooth,13,202501,2025,32
7,Smooth,14,202502,2025,36
7,Smooth,15,202503,2025,36
7,Smooth,16,202504,2025,33
7,Smooth,17,202505,2025,33
7,Smooth,18,202506,2025,30
7,Smooth,19,202507,2025,28
7,Smooth,20,202508,2025,32
7,Smooth,21,202509,2025,29
7,Smooth,22,202510,2025,31
7,Smooth,23,202511,2025,30
7,Smooth,24,202512,2025,36
7,Smooth,25,202601,2026,30
7,Smooth,26,202602,2026,37
7,Smooth,27,202603,2026,37
7,Smooth,28,202604,2026,34
7,Smooth,29,202605,2026,34
7,Smooth,30,202606,2026,33
7,Smooth,31,202607,2026,32
7,Smooth,32,202608,2026,32
7,Smooth,33,202609,2026,30
7,Smooth,34,202610,2026,31
7,Smooth,35,202611,2026,33
7,Smooth,36,202612,2026,35
8,Smooth,1,202401,2024,30
8,Smooth,2,202402,2024,30
8,Smooth,3,202403,2024,27
8,Smooth,4,202404,2024,32
8,Smooth,5,202405,2024,29
8,Smooth,6,202406,2024,28
8,Smooth,7,202407,2024,28
8,Smooth,8,202408,2024,26
8,Smooth,9,202409,2024,28
8,Smooth,10,202410,2024,26
8,Smooth,11,202411,2024,29
8,Smooth,12,202412,2024,28
8,Smooth,13,202501,2025,31
8,Smooth,14,202502,2025,35
8,Smooth,15,202503,2025,32
8,Smooth,16,202504,2025,32
8,Smooth,17,202505,2025,29
8,Smooth,18,202506,2025,29
8,Smooth,19,202507,2025,29
8,Smooth,20,202508,2025,29
8,Smooth,21,202509,2025,29
8,Smooth,22,202510,2025,27
8,Smooth,23,202511,2025,29
8,Smooth,24,202512,2025,28
8,Smooth,25,202601,2026,34
8,Smooth,26,202602,2026,32
8,Smooth,27,202603,2026,34
8,Smooth,28,202604,2026,31
8,Smooth,29,202605,2026,32
8,Smooth,30,202606,2026,29
8,Smooth,31,202607,2026,29
8,Smooth,32,202608,2026,28
8,Smooth,33,202609,2026,28
8,Smooth,34,202610,2026,29
8,Smooth,35,202611,2026,29
8,Smooth,36,202612,2026,29
9,Smooth,1,202401,2024,26
9,Smooth,2,202402,2024,26
9,Smooth,3,202403,2024,25
9,Smooth,4,202404,2024,24
9,Smooth,5,202405,2024,27
9,Smooth,6,202406,2024,26
9,Smooth,7,202407,2024,24
9,Smooth,8,202408,2024,23
9,Smooth,9,202409,2024,23
9,Smooth,10,202410,2024,23
9,Smooth,11,202411,2024,26
9,Smooth,12,202412,2024,24
9,Smooth,13,202501,2025,27
9,Smooth,14,202502,2025,30
9,Smooth,15,202503,2025,30
9,Smooth,16,202504,2025,29
9,Smooth,17,202505,2025,27
9,Smooth,18,202506,2025,27
9,Smooth,19,202507,2025,26
9,Smooth,20,202508,2025,22
9,Smooth,21,202509,2025,26
9,Smooth,22,202510,2025,24
9,Smooth,23,202511,2025,26
9,Smooth,24,202512,2025,30
9,Smooth,25,202601,2026,30
9,Smooth,26,202602,2026,30
9,Smooth,27,202603,2026,29
9,Smooth,28,202604,2026,27
9,Smooth,29,202605,2026,30
9,Smooth,30,202606,2026,28
9,Smooth,31,202607,2026,27
9,Smooth,32,202608,2026,23
9,Smooth,33,202609,2026,25
9,Smooth,34,202610,2026,26
9,Smooth,35,202611,2026,26
9,Smooth,36,202612,2026,28
10,Smooth,1,202401,2024,20
10,Smooth,2,202402,2024,23
10,Smooth,3,202403,2024,24
10,Smooth,4,202404,2024,21
10,Smooth,5,202405,2024,20
10,Smooth,6,202406,2024,21
10,Smooth,7,202407,2024,20
10,Smooth,8,202408,2024,18
10,Smooth,9,202409,2024,18
10,Smooth,10,202410,2024,18
10,Smooth,11,202411,2024,20
10,Smooth,12,202412,2024,21
10,Smooth,13,202501,2025,22
10,Smooth,14,202502,2025,24
10,Smooth,15,202503,2025,23
10,Smooth,16,202504,2025,24
10,Smooth,17,202505,2025,22
10,Smooth,18,202506,2025,19
10,Smooth,19,202507,2025,20
10,Smooth,20,202508,2025,21
10,Smooth,21,202509,2025,20
10,Smooth,22,202510,2025,20
10,Smooth,23,202511,2025,21
10,Smooth,24,202512,2025,23
10,Smooth,25,202601,2026,23
10,Smooth,26,202602,2026,27
10,Smooth,27,202603,2026,27
10,Smooth,28,202604,2026,22
10,Smooth,29,202605,2026,24
10,Smooth,30,202606,2026,21
10,Smooth,31,202607,2026,21
10,Smooth,32,202608,2026,21
10,Smooth,33,202609,2026,21
10,Smooth,34,202610,2026,21
10,Smooth,35,202611,2026,21
10,Smooth,36,202612,2026,23
11,Smooth,1,202401,2024,23
11,Smooth,2,202402,2024,22
11,Smooth,3,202403,2024,24
11,Smooth,4,202404,2024,22
11,Smooth,5,202405,2024,22
11,Smooth,6,202406,2024,18
11,Smooth,7,202407,2024,19
11,Smooth,8,202408,2024,20
11,Smooth,9,202409,2024,18
11,Smooth,10,202410,2024,20
11,Smooth,11,202411,2024,20
11,Smooth,12,202412,2024,22
11,Smooth,13,202501,2025,22
11,Smooth,14,202502,2025,25
11,Smooth,15,202503,2025,24
11,Smooth,16,202504,2025,24
11,Smooth,17,202505,2025,24
11,Smooth,18,202506,2025,22
11,Smooth,19,202507,2025,22
11,Smooth,20,202508,2025,21
11,Smooth,21,202509,2025,21
11,Smooth,22,202510,2025,21
11,Smooth,23,202511,2025,21
11,Smooth,24,202512,2025,23
11,Smooth,25,202601,2026,22
11,Smooth,26,202602,2026,27
11,Smooth,27,202603,2026,26
11,Smooth,28,202604,2026,24
11,Smooth,29,202605,2026,24
11,Smooth,30,202606,2026,23
11,Smooth,31,202607,2026,23
11,Smooth,32,202608,2026,22
11,Smooth,33,202609,2026,23
11,Smooth,34,202610,2026,21
11,Smooth,35,202611,2026,22
11,Smooth,36,202612,2026,25
12,Smooth,1,202401,2024,23
12,Smooth,2,202402,2024,24
12,Smooth,3,202403,2024,23
12,Smooth,4,202404,2024,26
12,Smooth,5,202405,2024,27
12,Smooth,6,202406,2024,23
12,Smooth,7,202407,2024,23
12,Smooth,8,202408,2024,22
12,Smooth,9,202409,2024,22
12,Smooth,10,202410,2024,22
12,Smooth,11,202411,2024,22
12,Smooth,12,202412,2024,21
12,Smooth,13,202501,2025,24
12,Smooth,14,202502,2025,27
12,Smooth,15,202503,2025,26
12,Smooth,16,202504,2025,25
12,Smooth,17,202505,2025,25
12,Smooth,18,202506,2025,26
12,Smooth,19,202507,2025,28
12,Smooth,20,202508,2025,22
12,Smooth,21,202509,2025,21
12,Smooth,22,202510,2025,21
12,Smooth,23,202511,2025,24
12,Smooth,24,202512,2025,27
12,Smooth,25,202601,2026,28
12,Smooth,26,202602,2026,26
12,Smooth,27,202603,2026,30
12,Smooth,28,202604,2026,28
12,Smooth,29,202605,2026,25
12,Smooth,30,202606,2026,27
12,Smooth,31,202607,2026,24
12,Smooth,32,202608,2026,24
12,Smooth,33,202609,2026,24
12,Smooth,34,202610,2026,26
12,Smooth,35,202611,2026,26
12,Smooth,36,202612,2026,27
13,Smooth,1,202401,2024,25
13,Smooth,2,202402,2024,29
13,Smooth,3,202403,2024,28
13,Smooth,4,202404,2024,30
13,Smooth,5,202405,2024,28
13,Smooth,6,202406,2024,24
13,Smooth,7,202407,2024,23
13,Smooth,8,202408,2024,24
13,Smooth,9,202409,2024,25
13,Smooth,10,202410,2024,24
13,Smooth,11,202411,2024,23
13,Smooth,12,202412,2024,27
13,Smooth,13,202501,2025,30
13,Smooth,14,202502,2025,31
13,Smooth,15,202503,2025,30
13,Smooth,16,202504,2025,31
13,Smooth,17,202505,2025,30
13,Smooth,18,202506,2025,31
13,Smooth,19,202507,2025,24
13,Smooth,20,202508,2025,24
13,Smooth,21,202509,2025,27
13,Smooth,22,202510,2025,27
13,Smooth,23,202511,2025,28
13,Smooth,24,202512,2025,31
13,Smooth,25,202601,2026,28
13,Smooth,26,202602,2026,31
13,Smooth,27,202603,2026,33
13,Smooth,28,202604,2026,33
13,Smooth,29,202605,2026,36
13,Smooth,30,202606,2026,31
13,Smooth,31,202607,2026,27
13,Smooth,32,202608,2026,25
13,Smooth,33,202609,2026,27
13,Smooth,34,202610,2026,28
13,Smooth,35,202611,2026,27
13,Smooth,36,202612,2026,30
14,Smooth,1,202401,2024,25
14,Smooth,2,202402,2024,26
14,Smooth,3,202403,2024,25
14,Smooth,4,202404,2024,26
14,Smooth,5,202405,2024,26
14,Smooth,6,202406,2024,23
14,Smooth,7,202407,2024,23
14,Smooth,8,202408,2024,19
14,Smooth,9,202409,2024,19
14,Smooth,10,202410,2024,20
14,Smooth,11,202411,2024,20
14,Smooth,12,202412,2024,24
14,Smooth,13,202501,2025,22
14,Smooth,14,202502,2025,25
14,Smooth,15,202503,2025,26
14,Smooth,16,202504,2025,24
14,Smooth,17,202505,2025,24
14,Smooth,18,202506,2025,24
14,Smooth,19,202507,2025,23
14,Smooth,20,202508,2025,22
14,Smooth,21,202509,2025,21
14,Smooth,22,202510,2025,24
14,Smooth,23,202511,2025,23
14,Smooth,24,202512,2025,26
14,Smooth,25,202601,2026,26
14,Smooth,26,202602,2026,28
14,Smooth,27,202603,2026,24
14,Smooth,28,202604,2026,27
14,Smooth,29,202605,2026,24
14,Smooth,30,202606,2026,25
14,Smooth,31,202607,2026,25
14,Smooth,32,202608,2026,23
14,Smooth,33,202609,2026,22
14,Smooth,34,202610,2026,20
14,Smooth,35,202611,2026,23
14,Smooth,36,202612,2026,26
15,Smooth,1,202401,2024,20
15,Smooth,2,202402,2024,21
15,Smooth,3,202403,2024,20
15,Smooth,4,202404,2024,21
15,Smooth,5,202405,2024,22
15,Smooth,6,202406,2024,19
15,Smooth,7,202407,2024,18
15,Smooth,8,202408,2024,20
15,Smooth,9,202409,2024,19
15,Smooth,10,202410,2024,17
15,Smooth,11,202411,2024,20
15,Smooth,12,202412,2024,20
15,Smooth,13,202501,2025,20
15,Smooth,14,202502,2025,20
15,Smooth,15,202503,2025,23
15,Smooth,16,202504,2025,22
15,Smooth,17,202505,2025,22
15,Smooth,18,202506,2025,22
15,Smooth,19,202507,2025,20
15,Smooth,20,202508,2025,20
15,Smooth,21,202509,2025,20
15,Smooth,22,202510,2025,21
15,Smooth,23,202511,2025,20
15,Smooth,24,202512,2025,21
15,Smooth,25,202601,2026,23
15,Smooth,26,202602,2026,23
15,Smooth,27,202603,2026,25
15,Smooth,28,202604,2026,22
15,Smooth,29,202605,2026,24
15,Smooth,30,202606,2026,22
15,Smooth,31,202607,2026,19
15,Smooth,32,202608,2026,19
15,Smooth,33,202609,2026,20
15,Smooth,34,202610,2026,21
15,Smooth,35,202611,2026,19
15,Smooth,36,202612,2026,23
16,Smooth,1,202401,2024,26
16,Smooth,2,202402,2024,30
16,Smooth,3,202403,2024,30
16,Smooth,4,202404,2024,29
16,Smooth,5,202405,2024,27
16,Smooth,6,202406,2024,29
16,Smooth,7,202407,2024,25
16,Smooth,8,202408,2024,22
16,Smooth,9,202409,2024,24
16,Smooth,10,202410,2024,23
16,Smooth,11,202411,2024,23
16,Smooth,12,202412,2024,28
16,Smooth,13,202501,2025,26
16,Smooth,14,202502,2025,32
16,Smooth,15,202503,2025,31
16,Smooth,16,202504,2025,29
16,Smooth,17,202505,2025,28
16,Smooth,18,202506,2025,25
16,Smooth,19,202507,2025,26
16,Smooth,20,202508,2025,24
16,Smooth,21,202509,2025,24
16,Smooth,22,202510,2025,24
16,Smooth,23,202511,2025,23
16,Smooth,24,202512,2025,29
16,Smooth,25,202601,2026,30
16,Smooth,26,202602,2026,31
16,Smooth,27,202603,2026,30
16,Smooth,28,202604,2026,30
16,Smooth,29,202605,2026,27
16,Smooth,30,202606,2026,29
16,Smooth,31,202607,2026,27
16,Smooth,32,202608,2026,27
16,Smooth,33,202609,2026,25
16,Smooth,34,202610,2026,25
16,Smooth,35,202611,2026,26
16,Smooth,36,202612,2026,29
17,Smooth,1,202401,2024,20
17,Smooth,2,202402,2024,19
17,Smooth,3,202403,2024,21
17,Smooth,4,202404,2024,22
17,Smooth,5,202405,2024,20
17,Smooth,6,202406,2024,18
17,Smooth,7,202407,2024,19
17,Smooth,8,202408,2024,18
17,Smooth,9,202409,2024,19
17,Smooth,10,202410,2024,19
17,Smooth,11,202411,2024,19
17,Smooth,12,202412,2024,20
17,Smooth,13,202501,2025,20
17,Smooth,14,202502,2025,22
17,Smooth,15,202503,2025,22
17,Smooth,16,202504,2025,22
17,Smooth,17,202505,2025,20
17,Smooth,18,202506,2025,21
17,Smooth,19,202507,2025,19
17,Smooth,20,202508,2025,19
17,Smooth,21,202509,2025,18
17,Smooth,22,202510,2025,19
17,Smooth,23,202511,2025,22
17,Smooth,24,202512,2025,20
17,Smooth,25,202601,2026,22
17,Smooth,26,202602,2026,22
17,Smooth,27,202603,2026,21
17,Smooth,28,202604,2026,24
17,Smooth,29,202605,2026,23
17,Smooth,30,202606,2026,21
17,Smooth,31,202607,2026,22
17,Smooth,32,202608,2026,18
17,Smooth,33,202609,2026,19
17,Smooth,34,202610,2026,21
17,Smooth,35,202611,2026,21
17,Smooth,36,202612,2026,22
18,Smooth,1,202401,2024,31
18,Smooth,2,202402,2024,34
18,Smooth,3,202403,2024,30
18,Smooth,4,202404,2024,31
18,Smooth,5,202405,2024,28
18,Smooth,6,202406,2024,29
18,Smooth,7,202407,2024,27
18,Smooth,8,202408,2024,29
18,Smooth,9,202409,2024,28
18,Smooth,10,202410,2024,26
18,Smooth,11,202411,2024,29
18,Smooth,12,202412,2024,32
18,Smooth,13,202501,2025,32
18,Smooth,14,202502,2025,31
18,Smooth,15,202503,2025,31
18,Smooth,16,202504,2025,34
18,Smooth,17,202505,2025,32
18,Smooth,18,202506,2025,32
18,Smooth,19,202507,2025,29
18,Smooth,20,202508,2025,27
18,Smooth,21,202509,2025,29
18,Smooth,22,202510,2025,29
18,Smooth,23,202511,2025,32
18,Smooth,24,202512,2025,35
18,Smooth,25,202601,2026,34
18,Smooth,26,202602,2026,32
18,Smooth,27,202603,2026,36
18,Smooth,28,202604,2026,32
18,Smooth,29,202605,2026,33
18,Smooth,30,202606,2026,32
18,Smooth,31,202607,2026,32
18,Smooth,32,202608,2026,29
18,Smooth,33,202609,2026,31
18,Smooth,34,202610,2026,30
18,Smooth,35,202611,2026,31
18,Smooth,36,202612,2026,34
19,Smooth,1,202401,2024,31
19,Smooth,2,202402,2024,29
19,Smooth,3,202403,2024,31
19,Smooth,4,202404,2024,30
19,Smooth,5,202405,2024,28
19,Smooth,6,202406,2024,27
19,Smooth,7,202407,2024,27
19,Smooth,8,202408,2024,25
19,Smooth,9,202409,2024,26
19,Smooth,10,202410,2024,25
19,Smooth,11,202411,2024,26
19,Smooth,12,202412,2024,30
19,Smooth,13,202501,2025,27
19,Smooth,14,202502,2025,34
19,Smooth,15,202503,2025,32
19,Smooth,16,202504,2025,31
19,Smooth,17,202505,2025,34
19,Smooth,18,202506,2025,31
19,Smooth,19,202507,2025,27
19,Smooth,20,202508,2025,28
19,Smooth,21,202509,2025,28
19,Smooth,22,202510,2025,25
19,Smooth,23,202511,2025,25
19,Smooth,24,202512,2025,28
19,Smooth,25,202601,2026,31
19,Smooth,26,202602,2026,33
19,Smooth,27,202603,2026,35
19,Smooth,28,202604,2026,34
19,Smooth,29,202605,2026,34
19,Smooth,30,202606,2026,30
19,Smooth,31,202607,2026,30
19,Smooth,32,202608,2026,29
19,Smooth,33,202609,2026,27
19,Smooth,34,202610,2026,28
19,Smooth,35,202611,2026,31
19,Smooth,36,202612,2026,32
20,Smooth,1,202401,2024,21
20,Smooth,2,202402,2024,21
20,Smooth,3,202403,2024,23
20,Smooth,4,202404,2024,22
20,Smooth,5,202405,2024,21
20,Smooth,6,202406,2024,20
20,Smooth,7,202407,2024,21
20,Smooth,8,202408,2024,19
20,Smooth,9,202409,2024,19
20,Smooth,10,202410,2024,19
20,Smooth,11,202411,2024,21
20,Smooth,12,202412,2024,23
20,Smooth,13,202501,2025,20
20,Smooth,14,202502,2025,25
20,Smooth,15,202503,2025,25
20,Smooth,16,202504,2025,24
20,Smooth,17,202505,2025,23
20,Smooth,18,202506,2025,21
20,Smooth,19,202507,2025,22
20,Smooth,20,202508,2025,20
20,Smooth,21,202509,2025,20
20,Smooth,22,202510,2025,20
20,Smooth,23,202511,2025,20
20,Smooth,24,202512,2025,22
20,Smooth,25,202601,2026,20
20,Smooth,26,202602,2026,24
20,Smooth,27,202603,2026,25
20,Smooth,28,202604,2026,24
20,Smooth,29,202605,2026,21
20,Smooth,30,202606,2026,24
20,Smooth,31,202607,2026,22
20,Smooth,32,202608,2026,22
20,Smooth,33,202609,2026,20
20,Smooth,34,202610,2026,23
20,Smooth,35,202611,2026,22
20,Smooth,36,202612,2026,22
21,Smooth,1,202401,2024,23
21,Smooth,2,202402,2024,25
21,Smooth,3,202403,2024,26
21,Smooth,4,202404,2024,24
21,Smooth,5,202405,2024,25
21,Smooth,6,202406,2024,24
21,Smooth,7,202407,2024,23
21,Smooth,8,202408,2024,23
21,Smooth,9,202409,2024,22
21,Smooth,10,202410,2024,22
21,Smooth,11,202411,2024,23
21,Smooth,12,202412,2024,24
21,Smooth,13,202501,2025,25
21,Smooth,14,202502,2025,26
21,Smooth,15,202503,2025,25
21,Smooth,16,202504,2025,24
21,Smooth,17,202505,2025,26
21,Smooth,18,202506,2025,23
21,Smooth,19,202507,2025,20
21,Smooth,20,202508,2025,23
21,Smooth,21,202509,2025,21
21,Smooth,22,202510,2025,22
21,Smooth,23,202511,2025,23
21,Smooth,24,202512,2025,24
21,Smooth,25,202601,2026,29
21,Smooth,26,202602,2026,26
21,Smooth,27,202603,2026,29
21,Smooth,28,202604,2026,28
21,Smooth,29,202605,2026,28
21,Smooth,30,202606,2026,24
21,Smooth,31,202607,2026,24
21,Smooth,32,202608,2026,23
21,Smooth,33,202609,2026,24
21,Smooth,34,202610,2026,25
21,Smooth,35,202611,2026,24
21,Smooth,36,202612,2026,26
22,Smooth,1,202401,2024,30
22,Smooth,2,202402,2024,31
22,Smooth,3,202403,2024,33
22,Smooth,4,202404,2024,31
22,Smooth,5,202405,2024,33
22,Smooth,6,202406,2024,30
22,Smooth,7,202407,2024,29
22,Smooth,8,202408,2024,27
22,Smooth,9,202409,2024,25
22,Smooth,10,202410,2024,28
22,Smooth,11,202411,2024,25
22,Smooth,12,202412,2024,31
22,Smooth,13,202501,2025,32
22,Smooth,14,202502,2025,31
22,Smooth,15,202503,2025,31
22,Smooth,16,202504,2025,32
22,Smooth,17,202505,2025,31
22,Smooth,18,202506,2025,30
22,Smooth,19,202507,2025,28
22,Smooth,20,202508,2025,30
22,Smooth,21,202509,2025,26
22,Smooth,22,202510,2025,26
22,Smooth,23,202511,2025,30
22,Smooth,24,202512,2025,30
22,Smooth,25,202601,2026,34
22,Smooth,26,202602,2026,36
22,Smooth,27,202603,2026,35
22,Smooth,28,202604,2026,35
22,Smooth,29,202605,2026,33
22,Smooth,30,202606,2026,31
22,Smooth,31,202607,2026,30
22,Smooth,32,202608,2026,27
22,Smooth,33,202609,2026,28
22,Smooth,34,202610,2026,29
22,Smooth,35,202611,2026,29
22,Smooth,36,202612,2026,32
23,Smooth,1,202401,2024,27
23,Smooth,2,202402,2024,28
23,Smooth,3,202403,2024,30
23,Smooth,4,202404,2024,29
23,Smooth,5,202405,2024,28
23,Smooth,6,202406,2024,26
23,Smooth,7,202407,2024,25
23,Smooth,8,202408,2024,26
23,Smooth,9,202409,2024,23
23,Smooth,10,202410,2024,24
23,Smooth,11,202411,2024,27
23,Smooth,12,202412,2024,28
23,Smooth,13,202501,2025,30
23,Smooth,14,202502,2025,29
23,Smooth,15,202503,2025,30
23,Smooth,16,202504,2025,31
23,Smooth,17,202505,2025,33
23,Smooth,18,202506,2025,28
23,Smooth,19,202507,2025,28
23,Smooth,20,202508,2025,25
23,Smooth,21,202509,2025,29
23,Smooth,22,202510,2025,29
23,Smooth,23,202511,2025,27
23,Smooth,24,202512,2025,29
23,Smooth,25,202601,2026,32
23,Smooth,26,202602,2026,32
23,Smooth,27,202603,2026,31
23,Smooth,28,202604,2026,31
23,Smooth,29,202605,2026,31
23,Smooth,30,202606,2026,30
23,Smooth,31,202607,2026,28
23,Smooth,32,202608,2026,27
23,Smooth,33,202609,2026,28
23,Smooth,34,202610,2026,27
23,Smooth,35,202611,2026,27
23,Smooth,36,202612,2026,31
24,Smooth,1,202401,2024,20
24,Smooth,2,202402,2024,22
24,Smooth,3,202403,2024,23
24,Smooth,4,202404,2024,21
24,Smooth,5,202405,2024,21
24,Smooth,6,202406,2024,22
24,Smooth,7,202407,2024,18
24,Smooth,8,202408,2024,18
24,Smooth,9,202409,2024,20
24,Smooth,10,202410,2024,18
24,Smooth,11,202411,2024,19
24,Smooth,12,202412,2024,22
24,Smooth,13,202501,2025,23
24,Smooth,14,202502,2025,23
24,Smooth,15,202503,2025,23
24,Smooth,16,202504,2025,22
24,Smooth,17,202505,2025,22
24,Smooth,18,202506,2025,21
24,Smooth,19,202507,2025,21
24,Smooth,20,202508,2025,21
24,Smooth,21,202509,2025,21
24,Smooth,22,202510,2025,21
24,Smooth,23,202511,2025,21
24,Smooth,24,202512,2025,21
24,Smooth,25,202601,2026,22
24,Smooth,26,202602,2026,24
24,Smooth,27,202603,2026,24
24,Smooth,28,202604,2026,25
24,Smooth,29,202605,2026,26
24,Smooth,30,202606,2026,23
24,Smooth,31,202607,2026,22
24,Smooth,32,202608,2026,19
24,Smooth,33,202609,2026,21
24,Smooth,34,202610,2026,19
24,Smooth,35,202611,2026,23
24,Smooth,36,202612,2026,23
25,Smooth,1,202401,2024,21
25,Smooth,2,202402,2024,24
25,Smooth,3,202403,2024,21
25,Smooth,4,202404,2024,20
25,Smooth,5,202405,2024,21
25,Smooth,6,202406,2024,20
25,Smooth,7,202407,2024,19
25,Smooth,8,202408,2024,20
25,Smooth,9,202409,2024,20
25,Smooth,10,202410,2024,19
25,Smooth,11,202411,2024,17
25,Smooth,12,202412,2024,22
25,Smooth,13,202501,2025,23
25,Smooth,14,202502,2025,22
25,Smooth,15,202503,2025,21
25,Smooth,16,202504,2025,23
25,Smooth,17,202505,2025,21
25,Smooth,18,202506,2025,20
25,Smooth,19,202507,2025,22
25,Smooth,20,202508,2025,21
25,Smooth,21,202509,2025,17
25,Smooth,22,202510,2025,20
25,Smooth,23,202511,2025,20
25,Smooth,24,202512,2025,23
25,Smooth,25,202601,2026,23
25,Smooth,26,202602,2026,26
25,Smooth,27,202603,2026,26
25,Smooth,28,202604,2026,25
25,Smooth,29,202605,2026,26
25,Smooth,30,202606,2026,23
25,Smooth,31,202607,2026,22
25,Smooth,32,202608,2026,23
25,Smooth,33,202609,2026,21
25,Smooth,34,202610,2026,22
25,Smooth,35,202611,2026,21
25,Smooth,36,202612,2026,22
26,Smooth,1,202401,2024,25
26,Smooth,2,202402,2024,25
26,Smooth,3,202403,2024,27
26,Smooth,4,202404,2024,28
26,Smooth,5,202405,2024,24
26,Smooth,6,202406,2024,25
26,Smooth,7,202407,2024,24
26,Smooth,8,202408,2024,22
26,Smooth,9,202409,2024,23
26,Smooth,10,202410,2024,26
26,Smooth,11,202411,2024,25
26,Smooth,12,202412,2024,25
26,Smooth,13,202501,2025,29
26,Smooth,14,202502,2025,28
26,Smooth,15,202503,2025,28
26,Smooth,16,202504,2025,31
26,Smooth,17,202505,2025,27
26,Smooth,18,202506,2025,25
26,Smooth,19,202507,2025,25
26,Smooth,20,202508,2025,24
26,Smooth,21,202509,2025,26
26,Smooth,22,202510,2025,26
26,Smooth,23,202511,2025,26
26,Smooth,24,202512,2025,27
26,Smooth,25,202601,2026,29
26,Smooth,26,202602,2026,29
26,Smooth,27,202603,2026,28
26,Smooth,28,202604,2026,29
26,Smooth,29,202605,2026,29
26,Smooth,30,202606,2026,29
26,Smooth,31,202607,2026,27
26,Smooth,32,202608,2026,23
26,Smooth,33,202609,2026,27
26,Smooth,34,202610,2026,27
26,Smooth,35,202611,2026,25
26,Smooth,36,202612,2026,30
27,Smooth,1,202401,2024,24
27,Smooth,2,202402,2024,25
27,Smooth,3,202403,2024,25
27,Smooth,4,202404,2024,25
27,Smooth,5,202405,2024,24
27,Smooth,6,202406,2024,24
27,Smooth,7,202407,2024,21
27,Smooth,8,202408,2024,21
27,Smooth,9,202409,2024,19
27,Smooth,10,202410,2024,21
27,Smooth,11,202411,2024,25
27,Smooth,12,202412,2024,25
27,Smooth,13,202501,2025,25
27,Smooth,14,202502,2025,26
27,Smooth,15,202503,2025,27
27,Smooth,16,202504,2025,24
27,Smooth,17,202505,2025,27
27,Smooth,18,202506,2025,24
27,Smooth,19,202507,2025,24
27,Smooth,20,202508,2025,22
27,Smooth,21,202509,2025,22
27,Smooth,22,202510,2025,22
27,Smooth,23,202511,2025,24
27,Smooth,24,202512,2025,23
27,Smooth,25,202601,2026,25
27,Smooth,26,202602,2026,26
27,Smooth,27,202603,2026,29
27,Smooth,28,202604,2026,29
27,Smooth,29,202605,2026,26
27,Smooth,30,202606,2026,25
27,Smooth,31,202607,2026,24
27,Smooth,32,202608,2026,26
27,Smooth,33,202609,2026,24
27,Smooth,34,202610,2026,23
27,Smooth,35,202611,2026,23
27,Smooth,36,202612,2026,25
28,Smooth,1,202401,2024,20
28,Smooth,2,202402,2024,22
28,Smooth,3,202403,2024,23
28,Smooth,4,202404,2024,22
28,Smooth,5,202405,2024,23
28,Smooth,6,202406,2024,24
28,Smooth,7,202407,2024,19
28,Smooth,8,202408,2024,19
28,Smooth,9,202409,2024,18
28,Smooth,10,202410,2024,19
28,Smooth,11,202411,2024,21
28,Smooth,12,202412,2024,21
28,Smooth,13,202501,2025,24
28,Smooth,14,202502,2025,25
28,Smooth,15,202503,2025,23
28,Smooth,16,202504,2025,24
28,Smooth,17,202505,2025,24
28,Smooth,18,202506,2025,23
28,Smooth,19,202507,2025,22
28,Smooth,20,202508,2025,21
28,Smooth,21,202509,2025,22
28,Smooth,22,202510,2025,22
28,Smooth,23,202511,2025,23
28,Smooth,24,202512,2025,23
28,Smooth,25,202601,2026,24
28,Smooth,26,202602,2026,25
28,Smooth,27,202603,2026,24
28,Smooth,28,202604,2026,24
28,Smooth,29,202605,2026,22
28,Smooth,30,202606,2026,24
28,Smooth,31,202607,2026,25
28,Smooth,32,202608,2026,21
28,Smooth,33,202609,2026,21
28,Smooth,34,202610,2026,22
28,Smooth,35,202611,2026,23
28,Smooth,36,202612,2026,25
29,Smooth,1,202401,2024,28
29,Smooth,2,202402,2024,27
29,Smooth,3,202403,2024,32
29,Smooth,4,202404,2024,29
29,Smooth,5,202405,2024,26
29,Smooth,6,202406,2024,28
29,Smooth,7,202407,2024,26
29,Smooth,8,202408,2024,23
29,Smooth,9,202409,2024,25
29,Smooth,10,202410,2024,23
29,Smooth,11,202411,2024,26
29,Smooth,12,202412,2024,25
29,Smooth,13,202501,2025,30
29,Smooth,14,202502,2025,30
29,Smooth,15,202503,2025,32
29,Smooth,16,202504,2025,30
29,Smooth,17,202505,2025,28
29,Smooth,18,202506,2025,26
29,Smooth,19,202507,2025,27
29,Smooth,20,202508,2025,26
29,Smooth,21,202509,2025,25
29,Smooth,22,202510,2025,25
29,Smooth,23,202511,2025,30
29,Smooth,24,202512,2025,30
29,Smooth,25,202601,2026,31
29,Smooth,26,202602,2026,35
29,Smooth,27,202603,2026,31
29,Smooth,28,202604,2026,34
29,Smooth,29,202605,2026,31
29,Smooth,30,202606,2026,32
29,Smooth,31,202607,2026,28
29,Smooth,32,202608,2026,29
29,Smooth,33,202609,2026,30
29,Smooth,34,202610,2026,27
29,Smooth,35,202611,2026,27
29,Smooth,36,202612,2026,28
30,Smooth,1,202401,2024,33
30,Smooth,2,202402,2024,31
30,Smooth,3,202403,2024,29
30,Smooth,4,202404,2024,37
30,Smooth,5,202405,2024,34
30,Smooth,6,202406,2024,32
30,Smooth,7,202407,2024,27
30,Smooth,8,202408,2024,27
30,Smooth,9,202409,2024,27
30,Smooth,10,202410,2024,30
30,Smooth,11,202411,2024,29
30,Smooth,12,202412,2024,34
30,Smooth,13,202501,2025,29
30,Smooth,14,202502,2025,35
30,Smooth,15,202503,2025,39
30,Smooth,16,202504,2025,37
30,Smooth,17,202505,2025,32
30,Smooth,18,202506,2025,35
30,Smooth,19,202507,2025,35
30,Smooth,20,202508,2025,28
30,Smooth,21,202509,2025,28
30,Smooth,22,202510,2025,31
30,Smooth,23,202511,2025,29
30,Smooth,24,202512,2025,34
30,Smooth,25,202601,2026,34
30,Smooth,26,202602,2026,38
30,Smooth,27,202603,2026,36
30,Smooth,28,202604,2026,37
30,Smooth,29,202605,2026,35
30,Smooth,30,202606,2026,35
30,Smooth,31,202607,2026,34
30,Smooth,32,202608,2026,31
30,Smooth,33,202609,2026,28
30,Smooth,34,202610,2026,32
30,Smooth,35,202611,2026,32
30,Smooth,36,202612,2026,37
31,Smooth,1,202401,2024,34
31,Smooth,2,202402,2024,34
31,Smooth,3,202403,2024,32
31,Smooth,4,202404,2024,32
31,Smooth,5,202405,2024,31
31,Smooth,6,202406,2024,29
31,Smooth,7,202407,2024,30
31,Smooth,8,202408,2024,29
31,Smooth,9,202409,2024,32
31,Smooth,10,202410,2024,30
31,Smooth,11,202411,2024,31
31,Smooth,12,202412,2024,33
31,Smooth,13,202501,2025,33
31,Smooth,14,202502,2025,31
31,Smooth,15,202503,2025,31
31,Smooth,16,202504,2025,36
31,Smooth,17,202505,2025,34
31,Smooth,18,202506,2025,34
31,Smooth,19,202507,2025,29
31,Smooth,20,202508,2025,32
31,Smooth,21,202509,2025,30
31,Smooth,22,202510,2025,31
31,Smooth,23,202511,2025,33
31,Smooth,24,202512,2025,31
31,Smooth,25,202601,2026,33
31,Smooth,26,202602,2026,33
31,Smooth,27,202603,2026,36
31,Smooth,28,202604,2026,38
31,Smooth,29,202605,2026,36
31,Smooth,30,202606,2026,35
31,Smooth,31,202607,2026,35
31,Smooth,32,202608,2026,30
31,Smooth,33,202609,2026,32
31,Smooth,34,202610,2026,34
31,Smooth,35,202611,2026,33
31,Smooth,36,202612,2026,34
32,Smooth,1,202401,2024,26
32,Smooth,2,202402,2024,28
32,Smooth,3,202403,2024,24
32,Smooth,4,202404,2024,24
32,Smooth,5,202405,2024,23
32,Smooth,6,202406,2024,24
32,Smooth,7,202407,2024,24
32,Smooth,8,202408,2024,22
32,Smooth,9,202409,2024,22
32,Smooth,10,202410,2024,23
32,Smooth,11,202411,2024,24
32,Smooth,12,202412,2024,26
32,Smooth,13,202501,2025,25
32,Smooth,14,202502,2025,26
32,Smooth,15,202503,2025,26
32,Smooth,16,202504,2025,29
32,Smooth,17,202505,2025,27
32,Smooth,18,202506,2025,26
32,Smooth,19,202507,2025,25
32,Smooth,20,202508,2025,24
32,Smooth,21,202509,2025,23
32,Smooth,22,202510,2025,23
32,Smooth,23,202511,2025,24
32,Smooth,24,202512,2025,26
32,Smooth,25,202601,2026,27
32,Smooth,26,202602,2026,28
32,Smooth,27,202603,2026,30
32,Smooth,28,202604,2026,29
32,Smooth,29,202605,2026,29
32,Smooth,30,202606,2026,25
32,Smooth,31,202607,2026,26
32,Smooth,32,202608,2026,24
32,Smooth,33,202609,2026,25
32,Smooth,34,202610,2026,26
32,Smooth,35,202611,2026,25
32,Smooth,36,202612,2026,28
33,Smooth,1,202401,2024,22
33,Smooth,2,202402,2024,25
33,Smooth,3,202403,2024,24
33,Smooth,4,202404,2024,26
33,Smooth,5,202405,2024,25
33,Smooth,6,202406,2024,22
33,Smooth,7,202407,2024,22
33,Smooth,8,202408,2024,22
33,Smooth,9,202409,2024,22
33,Smooth,10,202410,2024,20
33,Smooth,11,202411,2024,22
33,Smooth,12,202412,2024,25
33,Smooth,13,202501,2025,26
33,Smooth,14,202502,2025,27
33,Smooth,15,202503,2025,26
33,Smooth,16,202504,2025,25
33,Smooth,17,202505,2025,25
33,Smooth,18,202506,2025,24
33,Smooth,19,202507,2025,22
33,Smooth,20,202508,2025,23
33,Smooth,21,202509,2025,23
33,Smooth,22,202510,2025,23
33,Smooth,23,202511,2025,26
33,Smooth,24,202512,2025,25
33,Smooth,25,202601,2026,25
33,Smooth,26,202602,2026,27
33,Smooth,27,202603,2026,27
33,Smooth,28,202604,2026,27
33,Smooth,29,202605,2026,25
33,Smooth,30,202606,2026,24
33,Smooth,31,202607,2026,25
33,Smooth,32,202608,2026,23
33,Smooth,33,202609,2026,25
33,Smooth,34,202610,2026,22
33,Smooth,35,202611,2026,24
33,Smooth,36,202612,2026,28
34,Smooth,1,202401,2024,33
34,Smooth,2,202402,2024,28
34,Smooth,3,202403,2024,31
34,Smooth,4,202404,2024,32
34,Smooth,5,202405,2024,33
34,Smooth,6,202406,2024,32
34,Smooth,7,202407,2024,29
34,Smooth,8,202408,2024,26
34,Smooth,9,202409,2024,25
34,Smooth,10,202410,2024,26
34,Smooth,11,202411,2024,26
34,Smooth,12,202412,2024,30
34,Smooth,13,202501,2025,30
34,Smooth,14,202502,2025,34
34,Smooth,15,202503,2025,34
34,Smooth,16,202504,2025,36
34,Smooth,17,202505,2025,35
34,Smooth,18,202506,2025,30
34,Smooth,19,202507,2025,30
34,Smooth,20,202508,2025,27
34,Smooth,21,202509,2025,30
34,Smooth,22,202510,2025,28
34,Smooth,23,202511,2025,29
34,Smooth,24,202512,2025,32
34,Smooth,25,202601,2026,33
34,Smooth,26,202602,2026,36
34,Smooth,27,202603,2026,33
34,Smooth,28,202604,2026,35
34,Smooth,29,202605,2026,34
34,Smooth,30,202606,2026,31
34,Smooth,31,202607,2026,32
34,Smooth,32,202608,2026,32
34,Smooth,33,202609,2026,30
34,Smooth,34,202610,2026,29
34,Smooth,35,202611,2026,29
34,Smooth,36,202612,2026,34
35,Smooth,1,202401,2024,21
35,Smooth,2,202402,2024,19
35,Smooth,3,202403,2024,23
35,Smooth,4,202404,2024,22
35,Smooth,5,202405,2024,21
35,Smooth,6,202406,2024,20
35,Smooth,7,202407,2024,18
35,Smooth,8,202408,2024,18
35,Smooth,9,202409,2024,17
35,Smooth,10,202410,2024,18
35,Smooth,11,202411,2024,19
35,Smooth,12,202412,2024,21
35,Smooth,13,202501,2025,24
35,Smooth,14,202502,2025,21
35,Smooth,15,202503,2025,22
35,Smooth,16,202504,2025,25
35,Smooth,17,202505,2025,24
35,Smooth,18,202506,2025,20
35,Smooth,19,202507,2025,20
35,Smooth,20,202508,2025,20
35,Smooth,21,202509,2025,19
35,Smooth,22,202510,2025,19
35,Smooth,23,202511,2025,21
35,Smooth,24,202512,2025,23
35,Smooth,25,202601,2026,23
35,Smooth,26,202602,2026,25
35,Smooth,27,202603,2026,25
35,Smooth,28,202604,2026,24
35,Smooth,29,202605,2026,23
35,Smooth,30,202606,2026,21
35,Smooth,31,202607,2026,21
35,Smooth,32,202608,2026,19
35,Smooth,33,202609,2026,19
35,Smooth,34,202610,2026,21
35,Smooth,35,202611,2026,21
35,Smooth,36,202612,2026,22
36,Smooth,1,202401,2024,28
36,Smooth,2,202402,2024,29
36,Smooth,3,202403,2024,28
36,Smooth,4,202404,2024,30
36,Smooth,5,202405,2024,27
36,Smooth,6,202406,2024,29
36,Smooth,7,202407,2024,24
36,Smooth,8,202408,2024,23
36,Smooth,9,202409,2024,25
36,Smooth,10,202410,2024,24
36,Smooth,11,202411,2024,27
36,Smooth,12,202412,2024,29
36,Smooth,13,202501,2025,26
36,Smooth,14,202502,2025,30
36,Smooth,15,202503,2025,32
36,Smooth,16,202504,2025,33
36,Smooth,17,202505,2025,28
36,Smooth,18,202506,2025,30
36,Smooth,19,202507,2025,28
36,Smooth,20,202508,2025,25
36,Smooth,21,202509,2025,28
36,Smooth,22,202510,2025,28
36,Smooth,23,202511,2025,29
36,Smooth,24,202512,2025,28
36,Smooth,25,202601,2026,33
36,Smooth,26,202602,2026,30
36,Smooth,27,202603,2026,34
36,Smooth,28,202604,2026,32
36,Smooth,29,202605,2026,28
36,Smooth,30,202606,2026,29
36,Smooth,31,202607,2026,27
36,Smooth,32,202608,2026,29
36,Smooth,33,202609,2026,29
36,Smooth,34,202610,2026,30
36,Smooth,35,202611,2026,31
36,Smooth,36,202612,2026,33
37,Smooth,1,202401,2024,26
37,Smooth,2,202402,2024,27
37,Smooth,3,202403,2024,29
37,Smooth,4,202404,2024,30
37,Smooth,5,202405,2024,25
37,Smooth,6,202406,2024,27
37,Smooth,7,202407,2024,27
37,Smooth,8,202408,2024,24
37,Smooth,9,202409,2024,25
37,Smooth,10,202410,2024,24
37,Smooth,11,202411,2024,25
37,Smooth,12,202412,2024,25
37,Smooth,13,202501,2025,28
37,Smooth,14,202502,2025,30
37,Smooth,15,202503,2025,30
37,Smooth,16,202504,2025,31
37,Smooth,17,202505,2025,28
37,Smooth,18,202506,2025,26
37,Smooth,19,202507,2025,27
37,Smooth,20,202508,2025,27
37,Smooth,21,202509,2025,23
37,Smooth,22,202510,2025,26
37,Smooth,23,202511,2025,29
37,Smooth,24,202512,2025,27
37,Smooth,25,202601,2026,32
37,Smooth,26,202602,2026,33
37,Smooth,27,202603,2026,32
37,Smooth,28,202604,2026,30
37,Smooth,29,202605,2026,30
37,Smooth,30,202606,2026,29
37,Smooth,31,202607,2026,26
37,Smooth,32,202608,2026,27
37,Smooth,33,202609,2026,27
37,Smooth,34,202610,2026,29
37,Smooth,35,202611,2026,28
37,Smooth,36,202612,2026,29
38,Smooth,1,202401,2024,30
38,Smooth,2,202402,2024,30
38,Smooth,3,202403,2024,30
38,Smooth,4,202404,2024,33
38,Smooth,5,202405,2024,27
38,Smooth,6,202406,2024,28
38,Smooth,7,202407,2024,26
38,Smooth,8,202408,2024,27
38,Smooth,9,202409,2024,25
38,Smooth,10,202410,2024,27
38,Smooth,11,202411,2024,28
38,Smooth,12,202412,2024,29
38,Smooth,13,202501,2025,27
38,Smooth,14,202502,2025,31
38,Smooth,15,202503,2025,33
38,Smooth,16,202504,2025,31
38,Smooth,17,202505,2025,30
38,Smooth,18,202506,2025,30
38,Smooth,19,202507,2025,30
38,Smooth,20,202508,2025,27
38,Smooth,21,202509,2025,28
38,Smooth,22,202510,2025,30
38,Smooth,23,202511,2025,30
38,Smooth,24,202512,2025,30
38,Smooth,25,202601,2026,33
38,Smooth,26,202602,2026,34
38,Smooth,27,202603,2026,37
38,Smooth,28,202604,2026,32
38,Smooth,29,202605,2026,33
38,Smooth,30,202606,2026,32
38,Smooth,31,202607,2026,29
38,Smooth,32,202608,2026,32
38,Smooth,33,202609,2026,30
38,Smooth,34,202610,2026,28
38,Smooth,35,202611,2026,32
38,Smooth,36,202612,2026,33
39,Smooth,1,202401,2024,21
39,Smooth,2,202402,2024,22
39,Smooth,3,202403,2024,23
39,Smooth,4,202404,2024,23
39,Smooth,5,202405,2024,23
39,Smooth,6,202406,2024,20
39,Smooth,7,202407,2024,20
39,Smooth,8,202408,2024,18
39,Smooth,9,202409,2024,20
39,Smooth,10,202410,2024,19
39,Smooth,11,202411,2024,19
39,Smooth,12,202412,2024,21
39,Smooth,13,202501,2025,23
39,Smooth,14,202502,2025,23
39,Smooth,15,202503,2025,24
39,Smooth,16,202504,2025,23
39,Smooth,17,202505,2025,22
39,Smooth,18,202506,2025,22
39,Smooth,19,202507,2025,23
39,Smooth,20,202508,2025,20
39,Smooth,21,202509,2025,21
39,Smooth,22,202510,2025,19
39,Smooth,23,202511,2025,22
39,Smooth,24,202512,2025,23
39,Smooth,25,202601,2026,24
39,Smooth,26,202602,2026,27
39,Smooth,27,202603,2026,24
39,Smooth,28,202604,2026,26
39,Smooth,29,202605,2026,23
39,Smooth,30,202606,2026,22
39,Smooth,31,202607,2026,20
39,Smooth,32,202608,2026,22
39,Smooth,33,202609,2026,20
39,Smooth,34,202610,2026,22
39,Smooth,35,202611,2026,24
39,Smooth,36,202612,2026,22
40,Smooth,1,202401,2024,29
40,Smooth,2,202402,2024,30
40,Smooth,3,202403,2024,35
40,Smooth,4,202404,2024,31
40,Smooth,5,202405,2024,29
40,Smooth,6,202406,2024,27
40,Smooth,7,202407,2024,26
40,Smooth,8,202408,2024,24
40,Smooth,9,202409,2024,27
40,Smooth,10,202410,2024,25
40,Smooth,11,202411,2024,27
40,Smooth,12,202412,2024,26
40,Smooth,13,202501,2025,31
40,Smooth,14,202502,2025,31
40,Smooth,15,202503,2025,33
40,Smooth,16,202504,2025,31
40,Smooth,17,202505,2025,28
40,Smooth,18,202506,2025,29
40,Smooth,19,202507,2025,27
40,Smooth,20,202508,2025,29
40,Smooth,21,202509,2025,28
40,Smooth,22,202510,2025,26
40,Smooth,23,202511,2025,27
40,Smooth,24,202512,2025,29
40,Smooth,25,202601,2026,31
40,Smooth,26,202602,2026,37
40,Smooth,27,202603,2026,33
40,Smooth,28,202604,2026,34
40,Smooth,29,202605,2026,32
40,Smooth,30,202606,2026,33
40,Smooth,31,202607,2026,29
40,Smooth,32,202608,2026,25
40,Smooth,33,202609,2026,26
40,Smooth,34,202610,2026,29
40,Smooth,35,202611,2026,28
40,Smooth,36,202612,2026,32
41,Smooth,1,202401,2024,17
41,Smooth,2,202402,2024,21
41,Smooth,3,202403,2024,20
41,Smooth,4,202404,2024,20
41,Smooth,5,202405,2024,21
41,Smooth,6,202406,2024,17
41,Smooth,7,202407,2024,19
41,Smooth,8,202408,2024,17
41,Smooth,9,202409,2024,18
41,Smooth,10,202410,2024,17
41,Smooth,11,202411,2024,19
41,Smooth,12,202412,2024,19
41,Smooth,13,202501,2025,20
41,Smooth,14,202502,2025,22
41,Smooth,15,202503,2025,21
41,Smooth,16,202504,2025,21
41,Smooth,17,202505,2025,21
41,Smooth,18,202506,2025,19
41,Smooth,19,202507,2025,20
41,Smooth,20,202508,2025,18
41,Smooth,21,202509,2025,19
41,Smooth,22,202510,2025,17
41,Smooth,23,202511,2025,19
41,Smooth,24,202512,2025,21
41,Smooth,25,202601,2026,22
41,Smooth,26,202602,2026,25
41,Smooth,27,202603,2026,22
41,Smooth,28,202604,2026,20
41,Smooth,29,202605,2026,24
41,Smooth,30,202606,2026,21
41,Smooth,31,202607,2026,21
41,Smooth,32,202608,2026,19
41,Smooth,33,202609,2026,20
41,Smooth,34,202610,2026,20
41,Smooth,35,202611,2026,21
41,Smooth,36,202612,2026,20
42,Smooth,1,202401,2024,27
42,Smooth,2,202402,2024,32
42,Smooth,3,202403,2024,30
42,Smooth,4,202404,2024,28
42,Smooth,5,202405,2024,27
42,Smooth,6,202406,2024,25
42,Smooth,7,202407,2024,26
42,Smooth,8,202408,2024,25
42,Smooth,9,202409,2024,25
42,Smooth,10,202410,2024,26
42,Smooth,11,202411,2024,27
42,Smooth,12,202412,2024,29
42,Smooth,13,202501,2025,29
42,Smooth,14,202502,2025,30
42,Smooth,15,202503,2025,30
42,Smooth,16,202504,2025,31
42,Smooth,17,202505,2025,28
42,Smooth,18,202506,2025,30
42,Smooth,19,202507,2025,26
42,Smooth,20,202508,2025,27
42,Smooth,21,202509,2025,27
42,Smooth,22,202510,2025,27
42,Smooth,23,202511,2025,28
42,Smooth,24,202512,2025,30
42,Smooth,25,202601,2026,30
42,Smooth,26,202602,2026,31
42,Smooth,27,202603,2026,33
42,Smooth,28,202604,2026,36
42,Smooth,29,202605,2026,33
42,Smooth,30,202606,2026,32
42,Smooth,31,202607,2026,27
42,Smooth,32,202608,2026,29
42,Smooth,33,202609,2026,30
42,Smooth,34,202610,2026,28
42,Smooth,35,202611,2026,28
42,Smooth,36,202612,2026,32
43,Smooth,1,202401,2024,22
43,Smooth,2,202402,2024,26
43,Smooth,3,202403,2024,26
43,Smooth,4,202404,2024,26
43,Smooth,5,202405,2024,24
43,Smooth,6,202406,2024,24
43,Smooth,7,202407,2024,20
43,Smooth,8,202408,2024,22
43,Smooth,9,202409,2024,21
43,Smooth,10,202410,2024,21
43,Smooth,11,202411,2024,22
43,Smooth,12,202412,2024,26
43,Smooth,13,202501,2025,25
43,Smooth,14,202502,2025,27
43,Smooth,15,202503,2025,28
43,Smooth,16,202504,2025,26
43,Smooth,17,202505,2025,27
43,Smooth,18,202506,2025,28
43,Smooth,19,202507,2025,24
43,Smooth,20,202508,2025,24
43,Smooth,21,202509,2025,23
43,Smooth,22,202510,2025,24
43,Smooth,23,202511,2025,23
43,Smooth,24,202512,2025,28
43,Smooth,25,202601,2026,27
43,Smooth,26,202602,2026,28
43,Smooth,27,202603,2026,27
43,Smooth,28,202604,2026,27
43,Smooth,29,202605,2026,29
43,Smooth,30,202606,2026,29
43,Smooth,31,202607,2026,26
43,Smooth,32,202608,2026,26
43,Smooth,33,202609,2026,23
43,Smooth,34,202610,2026,24
43,Smooth,35,202611,2026,25
43,Smooth,36,202612,2026,28
44,Smooth,1,202401,2024,22
44,Smooth,2,202402,2024,20
44,Smooth,3,202403,2024,22
44,Smooth,4,202404,2024,24
44,Smooth,5,202405,2024,23
44,Smooth,6,202406,2024,21
44,Smooth,7,202407,2024,18
44,Smooth,8,202408,2024,19
44,Smooth,9,202409,2024,21
44,Smooth,10,202410,2024,20
44,Smooth,11,202411,2024,22
44,Smooth,12,202412,2024,21
44,Smooth,13,202501,2025,23
44,Smooth,14,202502,2025,23
44,Smooth,15,202503,2025,24
44,Smooth,16,202504,2025,26
44,Smooth,17,202505,2025,23
44,Smooth,18,202506,2025,21
44,Smooth,19,202507,2025,21
44,Smooth,20,202508,2025,21
44,Smooth,21,202509,2025,21
44,Smooth,22,202510,2025,22
44,Smooth,23,202511,2025,23
44,Smooth,24,202512,2025,24
44,Smooth,25,202601,2026,23
44,Smooth,26,202602,2026,26
44,Smooth,27,202603,2026,26
44,Smooth,28,202604,2026,27
44,Smooth,29,202605,2026,24
44,Smooth,30,202606,2026,23
44,Smooth,31,202607,2026,23
44,Smooth,32,202608,2026,21
44,Smooth,33,202609,2026,21
44,Smooth,34,202610,2026,20
44,Smooth,35,202611,2026,24
44,Smooth,36,202612,2026,25
45,Smooth,1,202401,2024,19
45,Smooth,2,202402,2024,21
45,Smooth,3,202403,2024,23
45,Smooth,4,202404,2024,21
45,Smooth,5,202405,2024,21
45,Smooth,6,202406,2024,20
45,Smooth,7,202407,2024,18
45,Smooth,8,202408,2024,17
45,Smooth,9,202409,2024,18
45,Smooth,10,202410,2024,19
45,Smooth,11,202411,2024,20
45,Smooth,12,202412,2024,20
45,Smooth,13,202501,2025,20
45,Smooth,14,202502,2025,23
45,Smooth,15,202503,2025,23
45,Smooth,16,202504,2025,21
45,Smooth,17,202505,2025,23
45,Smooth,18,202506,2025,20
45,Smooth,19,202507,2025,20
45,Smooth,20,202508,2025,18
45,Smooth,21,202509,2025,19
45,Smooth,22,202510,2025,19
45,Smooth,23,202511,2025,20
45,Smooth,24,202512,2025,21
45,Smooth,25,202601,2026,24
45,Smooth,26,202602,2026,23
45,Smooth,27,202603,2026,24
45,Smooth,28,202604,2026,23
45,Smooth,29,202605,2026,21
45,Smooth,30,202606,2026,21
45,Smooth,31,202607,2026,22
45,Smooth,32,202608,2026,19
45,Smooth,33,202609,2026,22
45,Smooth,34,202610,2026,20
45,Smooth,35,202611,2026,22
45,Smooth,36,202612,2026,23
46,Smooth,1,202401,2024,22
46,Smooth,2,202402,2024,26
46,Smooth,3,202403,2024,24
46,Smooth,4,202404,2024,23
46,Smooth,5,202405,2024,25
46,Smooth,6,202406,2024,22
46,Smooth,7,202407,2024,22
46,Smooth,8,202408,2024,20
46,Smooth,9,202409,2024,21
46,Smooth,10,202410,2024,21
46,Smooth,11,202411,2024,22
46,Smooth,12,202412,2024,22
46,Smooth,13,202501,2025,25
46,Smooth,14,202502,2025,23
46,Smooth,15,202503,2025,26
46,Smooth,16,202504,2025,24
46,Smooth,17,202505,2025,25
46,Smooth,18,202506,2025,23
46,Smooth,19,202507,2025,22
46,Smooth,20,202508,2025,23
46,Smooth,21,202509,2025,20
46,Smooth,22,202510,2025,24
46,Smooth,23,202511,2025,23
46,Smooth,24,202512,2025,25
46,Smooth,25,202601,2026,25
46,Smooth,26,202602,2026,25
46,Smooth,27,202603,2026,27
46,Smooth,28,202604,2026,28
46,Smooth,29,202605,2026,26
46,Smooth,30,202606,2026,25
46,Smooth,31,202607,2026,23
46,Smooth,32,202608,2026,24
46,Smooth,33,202609,2026,23
46,Smooth,34,202610,2026,23
46,Smooth,35,202611,2026,25
46,Smooth,36,202612,2026,24
47,Smooth,1,202401,2024,29
47,Smooth,2,202402,2024,33
47,Smooth,3,202403,2024,36
47,Smooth,4,202404,2024,35
47,Smooth,5,202405,2024,33
47,Smooth,6,202406,2024,32
47,Smooth,7,202407,2024,29
47,Smooth,8,202408,2024,28
47,Smooth,9,202409,2024,26
47,Smooth,10,202410,2024,30
47,Smooth,11,202411,2024,31
47,Smooth,12,202412,2024,29
47,Smooth,13,202501,2025,31
47,Smooth,14,202502,2025,34
47,Smooth,15,202503,2025,37
47,Smooth,16,202504,2025,31
47,Smooth,17,202505,2025,36
47,Smooth,18,202506,2025,32
47,Smooth,19,202507,2025,29
47,Smooth,20,202508,2025,30
47,Smooth,21,202509,2025,29
47,Smooth,22,202510,2025,30
47,Smooth,23,202511,2025,30
47,Smooth,24,202512,2025,32
47,Smooth,25,202601,2026,37
47,Smooth,26,202602,2026,34
47,Smooth,27,202603,2026,38
47,Smooth,28,202604,2026,36
47,Smooth,29,202605,2026,35
47,Smooth,30,202606,2026,35
47,Smooth,31,202607,2026,31
47,Smooth,32,202608,2026,34
47,Smooth,33,202609,2026,30
47,Smooth,34,202610,2026,31
47,Smooth,35,202611,2026,33
47,Smooth,36,202612,2026,34
48,Smooth,1,202401,2024,20
48,Smooth,2,202402,2024,21
48,Smooth,3,202403,2024,22
48,Smooth,4,202404,2024,20
48,Smooth,5,202405,2024,21
48,Smooth,6,202406,2024,21
48,Smooth,7,202407,2024,18
48,Smooth,8,202408,2024,17
48,Smooth,9,202409,2024,17
48,Smooth,10,202410,2024,18
48,Smooth,11,202411,2024,18
48,Smooth,12,202412,2024,19
48,Smooth,13,202501,2025,22
48,Smooth,14,202502,2025,22
48,Smooth,15,202503,2025,22
48,Smooth,16,202504,2025,25
48,Smooth,17,202505,2025,20
48,Smooth,18,202506,2025,20
48,Smooth,19,202507,2025,21
48,Smooth,20,202508,2025,19
48,Smooth,21,202509,2025,17
48,Smooth,22,202510,2025,17
48,Smooth,23,202511,2025,19
48,Smooth,24,202512,2025,22
48,Smooth,25,202601,2026,22
48,Smooth,26,202602,2026,22
48,Smooth,27,202603,2026,23
48,Smooth,28,202604,2026,23
48,Smooth,29,202605,2026,22
48,Smooth,30,202606,2026,22
48,Smooth,31,202607,2026,21
48,Smooth,32,202608,2026,22
48,Smooth,33,202609,2026,19
48,Smooth,34,202610,2026,21
48,Smooth,35,202611,2026,20
48,Smooth,36,202612,2026,22
49,Smooth,1,202401,2024,25
49,Smooth,2,202402,2024,29
49,Smooth,3,202403,2024,27
49,Smooth,4,202404,2024,30
49,Smooth,5,202405,2024,25
49,Smooth,6,202406,2024,24
49,Smooth,7,202407,2024,25
49,Smooth,8,202408,2024,22
49,Smooth,9,202409,2024,24
49,Smooth,10,202410,2024,25
49,Smooth,11,202411,2024,25
49,Smooth,12,202412,2024,28
49,Smooth,13,202501,2025,28
49,Smooth,14,202502,2025,27
49,Smooth,15,202503,2025,29
49,Smooth,16,202504,2025,28
49,Smooth,17,202505,2025,28
49,Smooth,18,202506,2025,25
49,Smooth,19,202507,2025,25
49,Smooth,20,202508,2025,24
49,Smooth,21,202509,2025,22
49,Smooth,22,202510,2025,27
49,Smooth,23,202511,2025,24
49,Smooth,24,202512,2025,28
49,Smooth,25,202601,2026,30
49,Smooth,26,202602,2026,29
49,Smooth,27,202603,2026,29
49,Smooth,28,202604,2026,34
49,Smooth,29,202605,2026,30
49,Smooth,30,202606,2026,29
49,Smooth,31,202607,2026,28
49,Smooth,32,202608,2026,25
49,Smooth,33,202609,2026,25
49,Smooth,34,202610,2026,29
49,Smooth,35,202611,2026,30
49,Smooth,36,202612,2026,26
50,Smooth,1,202401,2024,25
50,Smooth,2,202402,2024,26
50,Smooth,3,202403,2024,25
50,Smooth,4,202404,2024,25
50,Smooth,5,202405,2024,25
50,Smooth,6,202406,2024,26
50,Smooth,7,202407,2024,24
50,Smooth,8,202408,2024,23
50,Smooth,9,202409,2024,21
50,Smooth,10,202410,2024,24
50,Smooth,11,202411,2024,23
50,Smooth,12,202412,2024,25
50,Smooth,13,202501,2025,26
50,Smooth,14,202502,2025,28
50,Smooth,15,202503,2025,28
50,Smooth,16,202504,2025,26
50,Smooth,17,202505,2025,26
50,Smooth,18,202506,2025,25
50,Smooth,19,202507,2025,24
50,Smooth,20,202508,2025,22
50,Smooth,21,202509,2025,25
50,Smooth,22,202510,2025,23
50,Smooth,23,202511,2025,22
50,Smooth,24,202512,2025,23
50,Smooth,25,202601,2026,26
50,Smooth,26,202602,2026,28
50,Smooth,27,202603,2026,28
50,Smooth,28,202604,2026,29
50,Smooth,29,202605,2026,26
50,Smooth,30,202606,2026,28
50,Smooth,31,202607,2026,24
50,Smooth,32,202608,2026,25
50,Smooth,33,202609,2026,24
50,Smooth,34,202610,2026,23
50,Smooth,35,202611,2026,25
50,Smooth,36,202612,2026,27
51,Smooth,1,202401,2024,20
51,Smooth,2,202402,2024,21
51,Smooth,3,202403,2024,19
51,Smooth,4,202404,2024,21
51,Smooth,5,202405,2024,20
51,Smooth,6,202406,2024,18
51,Smooth,7,202407,2024,17
51,Smooth,8,202408,2024,17
51,Smooth,9,202409,2024,19
51,Smooth,10,202410,2024,18
51,Smooth,11,202411,2024,17
51,Smooth,12,202412,2024,20
51,Smooth,13,202501,2025,20
51,Smooth,14,202502,2025,22
51,Smooth,15,202503,2025,23
51,Smooth,16,202504,2025,22
51,Smooth,17,202505,2025,21
51,Smooth,18,202506,2025,21
51,Smooth,19,202507,2025,18
51,Smooth,20,202508,2025,19
51,Smooth,21,202509,2025,20
51,Smooth,22,202510,2025,20
51,Smooth,23,202511,2025,18
51,Smooth,24,202512,2025,21
51,Smooth,25,202601,2026,22
51,Smooth,26,202602,2026,21
51,Smooth,27,202603,2026,24
51,Smooth,28,202604,2026,23
51,Smooth,29,202605,2026,23
51,Smooth,30,202606,2026,21
51,Smooth,31,202607,2026,22
51,Smooth,32,202608,2026,19
51,Smooth,33,202609,2026,20
51,Smooth,34,202610,2026,19
51,Smooth,35,202611,2026,20
51,Smooth,36,202612,2026,23
52,Smooth,1,202401,2024,20
52,Smooth,2,202402,2024,21
52,Smooth,3,202403,2024,21
52,Smooth,4,202404,2024,22
52,Smooth,5,202405,2024,20
52,Smooth,6,202406,2024,19
52,Smooth,7,202407,2024,20
52,Smooth,8,202408,2024,18
52,Smooth,9,202409,2024,19
52,Smooth,10,202410,2024,18
52,Smooth,11,202411,2024,19
52,Smooth,12,202412,2024,18
52,Smooth,13,202501,2025,21
52,Smooth,14,202502,2025,21
52,Smooth,15,202503,2025,23
52,Smooth,16,202504,2025,21
52,Smooth,17,202505,2025,22
52,Smooth,18,202506,2025,21
52,Smooth,19,202507,2025,19
52,Smooth,20,202508,2025,18
52,Smooth,21,202509,2025,19
52,Smooth,22,202510,2025,19
52,Smooth,23,202511,2025,21
52,Smooth,24,202512,2025,21
52,Smooth,25,202601,2026,24
52,Smooth,26,202602,2026,21
52,Smooth,27,202603,2026,24
52,Smooth,28,202604,2026,25
52,Smooth,29,202605,2026,24
52,Smooth,30,202606,2026,21
52,Smooth,31,202607,2026,20
52,Smooth,32,202608,2026,21
52,Smooth,33,202609,2026,20
52,Smooth,34,202610,2026,21
52,Smooth,35,202611,2026,22
52,Smooth,36,202612,2026,22
53,Smooth,1,202401,2024,27
53,Smooth,2,202402,2024,30
53,Smooth,3,202403,2024,27
53,Smooth,4,202404,2024,29
53,Smooth,5,202405,2024,29
53,Smooth,6,202406,2024,26
53,Smooth,7,202407,2024,26
53,Smooth,8,202408,2024,25
53,Smooth,9,202409,2024,27
53,Smooth,10,202410,2024,26
53,Smooth,11,202411,2024,28
53,Smooth,12,202412,2024,28
53,Smooth,13,202501,2025,29
53,Smooth,14,202502,2025,30
53,Smooth,15,202503,2025,29
53,Smooth,16,202504,2025,31
53,Smooth,17,202505,2025,29
53,Smooth,18,202506,2025,24
53,Smooth,19,202507,2025,30
53,Smooth,20,202508,2025,27
53,Smooth,21,202509,2025,26
53,Smooth,22,202510,2025,27
53,Smooth,23,202511,2025,27
53,Smooth,24,202512,2025,28
53,Smooth,25,202601,2026,28
53,Smooth,26,202602,2026,32
53,Smooth,27,202603,2026,36
53,Smooth,28,202604,2026,32
53,Smooth,29,202605,2026,29
53,Smooth,30,202606,2026,30
53,Smooth,31,202607,2026,28
53,Smooth,32,202608,2026,29
53,Smooth,33,202609,2026,26
53,Smooth,34,202610,2026,27
53,Smooth,35,202611,2026,30
53,Smooth,36,202612,2026,32
54,Smooth,1,202401,2024,21
54,Smooth,2,202402,2024,25
54,Smooth,3,202403,2024,24
54,Smooth,4,202404,2024,23
54,Smooth,5,202405,2024,22
54,Smooth,6,202406,2024,22
54,Smooth,7,202407,2024,21
54,Smooth,8,202408,2024,20
54,Smooth,9,202409,2024,21
54,Smooth,10,202410,2024,22
54,Smooth,11,202411,2024,21
54,Smooth,12,202412,2024,21
54,Smooth,13,202501,2025,24
54,Smooth,14,202502,2025,25
54,Smooth,15,202503,2025,27
54,Smooth,16,202504,2025,26
54,Smooth,17,202505,2025,25
54,Smooth,18,202506,2025,23
54,Smooth,19,202507,2025,21
54,Smooth,20,202508,2025,21
54,Smooth,21,202509,2025,22
54,Smooth,22,202510,2025,23
54,Smooth,23,202511,2025,23
54,Smooth,24,202512,2025,26
54,Smooth,25,202601,2026,27
54,Smooth,26,202602,2026,28
54,Smooth,27,202603,2026,27
54,Smooth,28,202604,2026,28
54,Smooth,29,202605,2026,26
54,Smooth,30,202606,2026,25
54,Smooth,31,202607,2026,23
54,Smooth,32,202608,2026,23
54,Smooth,33,202609,2026,23
54,Smooth,34,202610,2026,22
54,Smooth,35,202611,2026,25
54,Smooth,36,202612,2026,26
55,Smooth,1,202401,2024,24
55,Smooth,2,202402,2024,27
55,Smooth,3,202403,2024,25
55,Smooth,4,202404,2024,23
55,Smooth,5,202405,2024,26
55,Smooth,6,202406,2024,23
55,Smooth,7,202407,2024,22
55,Smooth,8,202408,2024,22
55,Smooth,9,202409,2024,22
55,Smooth,10,202410,2024,21
55,Smooth,11,202411,2024,22
55,Smooth,12,202412,2024,23
55,Smooth,13,202501,2025,27
55,Smooth,14,202502,2025,25
55,Smooth,15,202503,2025,25
55,Smooth,16,202504,2025,25
55,Smooth,17,202505,2025,25
55,Smooth,18,202506,2025,25
55,Smooth,19,202507,2025,25
55,Smooth,20,202508,2025,23
55,Smooth,21,202509,2025,22
55,Smooth,22,202510,2025,22
55,Smooth,23,202511,2025,22
55,Smooth,24,202512,2025,24
55,Smooth,25,202601,2026,26
55,Smooth,26,202602,2026,27
55,Smooth,27,202603,2026,27
55,Smooth,28,202604,2026,27
55,Smooth,29,202605,2026,25
55,Smooth,30,202606,2026,25
55,Smooth,31,202607,2026,25
55,Smooth,32,202608,2026,23
55,Smooth,33,202609,2026,24
55,Smooth,34,202610,2026,23
55,Smooth,35,202611,2026,24
55,Smooth,36,202612,2026,26
56,Smooth,1,202401,2024,30
56,Smooth,2,202402,2024,30
56,Smooth,3,202403,2024,33
56,Smooth,4,202404,2024,32
56,Smooth,5,202405,2024,29
56,Smooth,6,202406,2024,27
56,Smooth,7,202407,2024,28
56,Smooth,8,202408,2024,25
56,Smooth,9,202409,2024,28
56,Smooth,10,202410,2024,26
56,Smooth,11,202411,2024,28
56,Smooth,12,202412,2024,30
56,Smooth,13,202501,2025,30
56,Smooth,14,202502,2025,33
56,Smooth,15,202503,2025,32
56,Smooth,16,202504,2025,34
56,Smooth,17,202505,2025,29
56,Smooth,18,202506,2025,27
56,Smooth,19,202507,2025,28
56,Smooth,20,202508,2025,27
56,Smooth,21,202509,2025,26
56,Smooth,22,202510,2025,27
56,Smooth,23,202511,2025,27
56,Smooth,24,202512,2025,33
56,Smooth,25,202601,2026,33
56,Smooth,26,202602,2026,32
56,Smooth,27,202603,2026,36
56,Smooth,28,202604,2026,31
56,Smooth,29,202605,2026,35
56,Smooth,30,202606,2026,29
56,Smooth,31,202607,2026,30
56,Smooth,32,202608,2026,28
56,Smooth,33,202609,2026,27
56,Smooth,34,202610,2026,25
56,Smooth,35,202611,2026,30
56,Smooth,36,202612,2026,31
57,Smooth,1,202401,2024,32
57,Smooth,2,202402,2024,30
57,Smooth,3,202403,2024,32
57,Smooth,4,202404,2024,32
57,Smooth,5,202405,2024,31
57,Smooth,6,202406,2024,29
57,Smooth,7,202407,2024,29
57,Smooth,8,202408,2024,25
57,Smooth,9,202409,2024,26
57,Smooth,10,202410,2024,31
57,Smooth,11,202411,2024,32
57,Smooth,12,202412,2024,28
57,Smooth,13,202501,2025,34
57,Smooth,14,202502,2025,33
57,Smooth,15,202503,2025,32
57,Smooth,16,202504,2025,39
57,Smooth,17,202505,2025,31
57,Smooth,18,202506,2025,31
57,Smooth,19,202507,2025,30
57,Smooth,20,202508,2025,29
57,Smooth,21,202509,2025,29
57,Smooth,22,202510,2025,29
57,Smooth,23,202511,2025,31
57,Smooth,24,202512,2025,31
57,Smooth,25,202601,2026,36
57,Smooth,26,202602,2026,36
57,Smooth,27,202603,2026,34
57,Smooth,28,202604,2026,36
57,Smooth,29,202605,2026,37
57,Smooth,30,202606,2026,36
57,Smooth,31,202607,2026,29
57,Smooth,32,202608,2026,30
57,Smooth,33,202609,2026,28
57,Smooth,34,202610,2026,31
57,Smooth,35,202611,2026,33
57,Smooth,36,202612,2026,35
58,Smooth,1,202401,2024,30
58,Smooth,2,202402,2024,30
58,Smooth,3,202403,2024,32
58,Smooth,4,202404,2024,31
58,Smooth,5,202405,2024,30
58,Smooth,6,202406,2024,30
58,Smooth,7,202407,2024,28
58,Smooth,8,202408,2024,29
58,Smooth,9,202409,2024,27
58,Smooth,10,202410,2024,28
58,Smooth,11,202411,2024,30
58,Smooth,12,202412,2024,28
58,Smooth,13,202501,2025,30
58,Smooth,14,202502,2025,33
58,Smooth,15,202503,2025,33
58,Smooth,16,202504,2025,35
58,Smooth,17,202505,2025,32
58,Smooth,18,202506,2025,32
58,Smooth,19,202507,2025,29
58,Smooth,20,202508,2025,29
58,Smooth,21,202509,2025,30
58,Smooth,22,202510,2025,30
58,Smooth,23,202511,2025,30
58,Smooth,24,202512,2025,32
58,Smooth,25,202601,2026,35
58,Smooth,26,202602,2026,37
58,Smooth,27,202603,2026,35
58,Smooth,28,202604,2026,34
58,Smooth,29,202605,2026,37
58,Smooth,30,202606,2026,32
58,Smooth,31,202607,2026,33
58,Smooth,32,202608,2026,30
58,Smooth,33,202609,2026,29
58,Smooth,34,202610,2026,29
58,Smooth,35,202611,2026,31
58,Smooth,36,202612,2026,37
59,Smooth,1,202401,2024,24
59,Smooth,2,202402,2024,26
59,Smooth,3,202403,2024,27
59,Smooth,4,202404,2024,27
59,Smooth,5,202405,2024,27
59,Smooth,6,202406,2024,24
59,Smooth,7,202407,2024,24
59,Smooth,8,202408,2024,24
59,Smooth,9,202409,2024,21
59,Smooth,10,202410,2024,24
59,Smooth,11,202411,2024,24
59,Smooth,12,202412,2024,26
59,Smooth,13,202501,2025,29
59,Smooth,14,202502,2025,27
59,Smooth,15,202503,2025,26
59,Smooth,16,202504,2025,28
59,Smooth,17,202505,2025,28
59,Smooth,18,202506,2025,25
59,Smooth,19,202507,2025,23
59,Smooth,20,202508,2025,22
59,Smooth,21,202509,2025,24
59,Smooth,22,202510,2025,26
59,Smooth,23,202511,2025,26
59,Smooth,24,202512,2025,26
59,Smooth,25,202601,2026,30
59,Smooth,26,202602,2026,30
59,Smooth,27,202603,2026,29
59,Smooth,28,202604,2026,29
59,Smooth,29,202605,2026,28
59,Smooth,30,202606,2026,28
59,Smooth,31,202607,2026,26
59,Smooth,32,202608,2026,24
59,Smooth,33,202609,2026,26
59,Smooth,34,202610,2026,26
59,Smooth,35,202611,2026,26
59,Smooth,36,202612,2026,28
60,Smooth,1,202401,2024,27
60,Smooth,2,202402,2024,30
60,Smooth,3,202403,2024,29
60,Smooth,4,202404,2024,31
60,Smooth,5,202405,2024,29
60,Smooth,6,202406,2024,28
60,Smooth,7,202407,2024,26
60,Smooth,8,202408,2024,29
60,Smooth,9,202409,2024,24
60,Smooth,10,202410,2024,26
60,Smooth,11,202411,2024,28
60,Smooth,12,202412,2024,30
60,Smooth,13,202501,2025,30
60,Smooth,14,202502,2025,32
60,Smooth,15,202503,2025,31
60,Smooth,16,202504,2025,31
60,Smooth,17,202505,2025,33
60,Smooth,18,202506,2025,28
60,Smooth,19,202507,2025,25
60,Smooth,20,202508,2025,27
60,Smooth,21,202509,2025,27
60,Smooth,22,202510,2025,27
60,Smooth,23,202511,2025,26
60,Smooth,24,202512,2025,30
60,Smooth,25,202601,2026,33
60,Smooth,26,202602,2026,34
60,Smooth,27,202603,2026,34
60,Smooth,28,202604,2026,35
60,Smooth,29,202605,2026,36
60,Smooth,30,202606,2026,33
60,Smooth,31,202607,2026,34
60,Smooth,32,202608,2026,29
60,Smooth,33,202609,2026,27
60,Smooth,34,202610,2026,28
60,Smooth,35,202611,2026,32
60,Smooth,36,202612,2026,31
61,Smooth,1,202401,2024,29
61,Smooth,2,202402,2024,30
61,Smooth,3,202403,2024,35
61,Smooth,4,202404,2024,31
61,Smooth,5,202405,2024,32
61,Smooth,6,202406,2024,31
61,Smooth,7,202407,2024,31
61,Smooth,8,202408,2024,27
61,Smooth,9,202409,2024,28
61,Smooth,10,202410,2024,27
61,Smooth,11,202411,2024,30
61,Smooth,12,202412,2024,31
61,Smooth,13,202501,2025,32
61,Smooth,14,202502,2025,35
61,Smooth,15,202503,2025,35
61,Smooth,16,202504,2025,31
61,Smooth,17,202505,2025,31
61,Smooth,18,202506,2025,32
61,Smooth,19,202507,2025,32
61,Smooth,20,202508,2025,28
61,Smooth,21,202509,2025,30
61,Smooth,22,202510,2025,29
61,Smooth,23,202511,2025,31
61,Smooth,24,202512,2025,35
61,Smooth,25,202601,2026,36
61,Smooth,26,202602,2026,36
61,Smooth,27,202603,2026,35
61,Smooth,28,202604,2026,35
61,Smooth,29,202605,2026,35
61,Smooth,30,202606,2026,33
61,Smooth,31,202607,2026,30
61,Smooth,32,202608,2026,29
61,Smooth,33,202609,2026,29
61,Smooth,34,202610,2026,33
61,Smooth,35,202611,2026,32
61,Smooth,36,202612,2026,35
62,Smooth,1,202401,2024,29
62,Smooth,2,202402,2024,35
62,Smooth,3,202403,2024,30
62,Smooth,4,202404,2024,33
62,Smooth,5,202405,2024,30
62,Smooth,6,202406,2024,29
62,Smooth,7,202407,2024,24
62,Smooth,8,202408,2024,29
62,Smooth,9,202409,2024,26
62,Smooth,10,202410,2024,24
62,Smooth,11,202411,2024,29
62,Smooth,12,202412,2024,29
62,Smooth,13,202501,2025,29
62,Smooth,14,202502,2025,32
62,Smooth,15,202503,2025,32
62,Smooth,16,202504,2025,35
62,Smooth,17,202505,2025,31
62,Smooth,18,202506,2025,28
62,Smooth,19,202507,2025,28
62,Smooth,20,202508,2025,28
62,Smooth,21,202509,2025,29
62,Smooth,22,202510,2025,27
62,Smooth,23,202511,2025,29
62,Smooth,24,202512,2025,33
62,Smooth,25,202601,2026,33
62,Smooth,26,202602,2026,32
62,Smooth,27,202603,2026,33
62,Smooth,28,202604,2026,34
62,Smooth,29,202605,2026,31
62,Smooth,30,202606,2026,32
62,Smooth,31,202607,2026,28
62,Smooth,32,202608,2026,29
62,Smooth,33,202609,2026,26
62,Smooth,34,202610,2026,31
62,Smooth,35,202611,2026,31
62,Smooth,36,202612,2026,30
63,Smooth,1,202401,2024,28
63,Smooth,2,202402,2024,35
63,Smooth,3,202403,2024,31
63,Smooth,4,202404,2024,33
63,Smooth,5,202405,2024,33
63,Smooth,6,202406,2024,29
63,Smooth,7,202407,2024,29
63,Smooth,8,202408,2024,29
63,Smooth,9,202409,2024,25
63,Smooth,10,202410,2024,29
63,Smooth,11,202411,2024,29
63,Smooth,12,202412,2024,32
63,Smooth,13,202501,2025,29
63,Smooth,14,202502,2025,35
63,Smooth,15,202503,2025,30
63,Smooth,16,202504,2025,32
63,Smooth,17,202505,2025,30
63,Smooth,18,202506,2025,33
63,Smooth,19,202507,2025,30
63,Smooth,20,202508,2025,25
63,Smooth,21,202509,2025,29
63,Smooth,22,202510,2025,33
63,Smooth,23,202511,2025,32
63,Smooth,24,202512,2025,29
63,Smooth,25,202601,2026,32
63,Smooth,26,202602,2026,35
63,Smooth,27,202603,2026,36
63,Smooth,28,202604,2026,34
63,Smooth,29,202605,2026,37
63,Smooth,30,202606,2026,30
63,Smooth,31,202607,2026,29
63,Smooth,32,202608,2026,31
63,Smooth,33,202609,2026,30
63,Smooth,34,202610,2026,28
63,Smooth,35,202611,2026,31
63,Smooth,36,202612,2026,34
64,Smooth,1,202401,2024,21
64,Smooth,2,202402,2024,20
64,Smooth,3,202403,2024,22
64,Smooth,4,202404,2024,22
64,Smooth,5,202405,2024,20
64,Smooth,6,202406,2024,19
64,Smooth,7,202407,2024,19
64,Smooth,8,202408,2024,18
64,Smooth,9,202409,2024,18
64,Smooth,10,202410,2024,18
64,Smooth,11,202411,2024,19
64,Smooth,12,202412,2024,19
64,Smooth,13,202501,2025,24
64,Smooth,14,202502,2025,21
64,Smooth,15,202503,2025,23
64,Smooth,16,202504,2025,22
64,Smooth,17,202505,2025,21
64,Smooth,18,202506,2025,21
64,Smooth,19,202507,2025,21
64,Smooth,20,202508,2025,19
64,Smooth,21,202509,2025,19
64,Smooth,22,202510,2025,19
64,Smooth,23,202511,2025,21
64,Smooth,24,202512,2025,20
64,Smooth,25,202601,2026,23
64,Smooth,26,202602,2026,22
64,Smooth,27,202603,2026,23
64,Smooth,28,202604,2026,25
64,Smooth,29,202605,2026,25
64,Smooth,30,202606,2026,23
64,Smooth,31,202607,2026,21
64,Smooth,32,202608,2026,19
64,Smooth,33,202609,2026,20
64,Smooth,34,202610,2026,19
64,Smooth,35,202611,2026,21
64,Smooth,36,202612,2026,22
65,Smooth,1,202401,2024,19
65,Smooth,2,202402,2024,21
65,Smooth,3,202403,2024,21
65,Smooth,4,202404,2024,22
65,Smooth,5,202405,2024,21
65,Smooth,6,202406,2024,20
65,Smooth,7,202407,2024,18
65,Smooth,8,202408,2024,18
65,Smooth,9,202409,2024,17
65,Smooth,10,202410,2024,18
65,Smooth,11,202411,2024,18
65,Smooth,12,202412,2024,20
65,Smooth,13,202501,2025,21
65,Smooth,14,202502,2025,22
65,Smooth,15,202503,2025,23
65,Smooth,16,202504,2025,24
65,Smooth,17,202505,2025,21
65,Smooth,18,202506,2025,22
65,Smooth,19,202507,2025,20
65,Smooth,20,202508,2025,19
65,Smooth,21,202509,2025,20
65,Smooth,22,202510,2025,19
65,Smooth,23,202511,2025,20
65,Smooth,24,202512,2025,20
65,Smooth,25,202601,2026,24
65,Smooth,26,202602,2026,23
65,Smooth,27,202603,2026,28
65,Smooth,28,202604,2026,23
65,Smooth,29,202605,2026,24
65,Smooth,30,202606,2026,23
65,Smooth,31,202607,2026,20
65,Smooth,32,202608,2026,21
65,Smooth,33,202609,2026,20
65,Smooth,34,202610,2026,18
65,Smooth,35,202611,2026,21
65,Smooth,36,202612,2026,22
66,Smooth,1,202401,2024,30
66,Smooth,2,202402,2024,33
66,Smooth,3,202403,2024,33
66,Smooth,4,202404,2024,33
66,Smooth,5,202405,2024,29
66,Smooth,6,202406,2024,31
66,Smooth,7,202407,2024,26
66,Smooth,8,202408,2024,28
66,Smooth,9,202409,2024,28
66,Smooth,10,202410,2024,29
66,Smooth,11,202411,2024,32
66,Smooth,12,202412,2024,31
66,Smooth,13,202501,2025,33
66,Smooth,14,202502,2025,36
66,Smooth,15,202503,2025,33
66,Smooth,16,202504,2025,32
66,Smooth,17,202505,2025,34
66,Smooth,18,202506,2025,31
66,Smooth,19,202507,2025,31
66,Smooth,20,202508,2025,32
66,Smooth,21,202509,2025,28
66,Smooth,22,202510,2025,30
66,Smooth,23,202511,2025,31
66,Smooth,24,202512,2025,35
66,Smooth,25,202601,2026,35
66,Smooth,26,202602,2026,35
66,Smooth,27,202603,2026,37
66,Smooth,28,202604,2026,35
66,Smooth,29,202605,2026,37
66,Smooth,30,202606,2026,33
66,Smooth,31,202607,2026,33
66,Smooth,32,202608,2026,29
66,Smooth,33,202609,2026,33
66,Smooth,34,202610,2026,36
66,Smooth,35,202611,2026,33
66,Smooth,36,202612,2026,36
67,Smooth,1,202401,2024,31
67,Smooth,2,202402,2024,33
67,Smooth,3,202403,2024,32
67,Smooth,4,202404,2024,31
67,Smooth,5,202405,2024,30
67,Smooth,6,202406,2024,29
67,Smooth,7,202407,2024,28
67,Smooth,8,202408,2024,23
67,Smooth,9,202409,2024,26
67,Smooth,10,202410,2024,26
67,Smooth,11,202411,2024,30
67,Smooth,12,202412,2024,31
67,Smooth,13,202501,2025,29
67,Smooth,14,202502,2025,32
67,Smooth,15,202503,2025,37
67,Smooth,16,202504,2025,32
67,Smooth,17,202505,2025,32
67,Smooth,18,202506,2025,32
67,Smooth,19,202507,2025,27
67,Smooth,20,202508,2025,27
67,Smooth,21,202509,2025,29
67,Smooth,22,202510,2025,28
67,Smooth,23,202511,2025,29
67,Smooth,24,202512,2025,33
67,Smooth,25,202601,2026,34
67,Smooth,26,202602,2026,34
67,Smooth,27,202603,2026,35
67,Smooth,28,202604,2026,35
67,Smooth,29,202605,2026,32
67,Smooth,30,202606,2026,34
67,Smooth,31,202607,2026,31
67,Smooth,32,202608,2026,33
67,Smooth,33,202609,2026,31
67,Smooth,34,202610,2026,32
67,Smooth,35,202611,2026,30
67,Smooth,36,202612,2026,33
68,Smooth,1,202401,2024,27
68,Smooth,2,202402,2024,29
68,Smooth,3,202403,2024,30
68,Smooth,4,202404,2024,27
68,Smooth,5,202405,2024,27
68,Smooth,6,202406,2024,26
68,Smooth,7,202407,2024,24
68,Smooth,8,202408,2024,25
68,Smooth,9,202409,2024,25
68,Smooth,10,202410,2024,27
68,Smooth,11,202411,2024,26
68,Smooth,12,202412,2024,28
68,Smooth,13,202501,2025,30
68,Smooth,14,202502,2025,28
68,Smooth,15,202503,2025,30
68,Smooth,16,202504,2025,29
68,Smooth,17,202505,2025,30
68,Smooth,18,202506,2025,28
68,Smooth,19,202507,2025,26
68,Smooth,20,202508,2025,26
68,Smooth,21,202509,2025,24
68,Smooth,22,202510,2025,28
68,Smooth,23,202511,2025,25
68,Smooth,24,202512,2025,29
68,Smooth,25,202601,2026,28
68,Smooth,26,202602,2026,29
68,Smooth,27,202603,2026,32
68,Smooth,28,202604,2026,31
68,Smooth,29,202605,2026,30
68,Smooth,30,202606,2026,31
68,Smooth,31,202607,2026,29
68,Smooth,32,202608,2026,29
68,Smooth,33,202609,2026,26
68,Smooth,34,202610,2026,28
68,Smooth,35,202611,2026,29
68,Smooth,36,202612,2026,28
69,Smooth,1,202401,2024,19
69,Smooth,2,202402,2024,20
69,Smooth,3,202403,2024,20
69,Smooth,4,202404,2024,20
69,Smooth,5,202405,2024,19
69,Smooth,6,202406,2024,19
69,Smooth,7,202407,2024,17
69,Smooth,8,202408,2024,19
69,Smooth,9,202409,2024,18
69,Smooth,10,202410,2024,18
69,Smooth,11,202411,2024,20
69,Smooth,12,202412,2024,19
69,Smooth,13,202501,2025,19
69,Smooth,14,202502,2025,23
69,Smooth,15,202503,2025,22
69,Smooth,16,202504,2025,22
69,Smooth,17,202505,2025,21
69,Smooth,18,202506,2025,21
69,Smooth,19,202507,2025,20
69,Smooth,20,202508,2025,20
69,Smooth,21,202509,2025,19
69,Smooth,22,202510,2025,19
69,Smooth,23,202511,2025,19
69,Smooth,24,202512,2025,20
69,Smooth,25,202601,2026,23
69,Smooth,26,202602,2026,23
69,Smooth,27,202603,2026,22
69,Smooth,28,202604,2026,21
69,Smooth,29,202605,2026,22
69,Smooth,30,202606,2026,21
69,Smooth,31,202607,2026,20
69,Smooth,32,202608,2026,20
69,Smooth,33,202609,2026,21
69,Smooth,34,202610,2026,21
69,Smooth,35,202611,2026,22
69,Smooth,36,202612,2026,23
70,Smooth,1,202401,2024,26
70,Smooth,2,202402,2024,28
70,Smooth,3,202403,2024,28
70,Smooth,4,202404,2024,27
70,Smooth,5,202405,2024,31
70,Smooth,6,202406,2024,27
70,Smooth,7,202407,2024,24
70,Smooth,8,202408,2024,24
70,Smooth,9,202409,2024,24
70,Smooth,10,202410,2024,23
70,Smooth,11,202411,2024,27
70,Smooth,12,202412,2024,25
70,Smooth,13,202501,2025,27
70,Smooth,14,202502,2025,31
70,Smooth,15,202503,2025,29
70,Smooth,16,202504,2025,31
70,Smooth,17,202505,2025,29
70,Smooth,18,202506,2025,29
70,Smooth,19,202507,2025,26
70,Smooth,20,202508,2025,26
70,Smooth,21,202509,2025,24
70,Smooth,22,202510,2025,25
70,Smooth,23,202511,2025,30
70,Smooth,24,202512,2025,30
70,Smooth,25,202601,2026,33
70,Smooth,26,202602,2026,30
70,Smooth,27,202603,2026,32
70,Smooth,28,202604,2026,31
70,Smooth,29,202605,2026,31
70,Smooth,30,202606,2026,28
70,Smooth,31,202607,2026,28
70,Smooth,32,202608,2026,29
70,Smooth,33,202609,2026,25
70,Smooth,34,202610,2026,26
70,Smooth,35,202611,2026,30
70,Smooth,36,202612,2026,29
71,Smooth,1,202401,2024,20
71,Smooth,2,202402,2024,22
71,Smooth,3,202403,2024,21
71,Smooth,4,202404,2024,22
71,Smooth,5,202405,2024,20
71,Smooth,6,202406,2024,19
71,Smooth,7,202407,2024,20
71,Smooth,8,202408,2024,18
71,Smooth,9,202409,2024,19
71,Smooth,10,202410,2024,18
71,Smooth,11,202411,2024,20
71,Smooth,12,202412,2024,19
71,Smooth,13,202501,2025,22
71,Smooth,14,202502,2025,22
71,Smooth,15,202503,2025,23
71,Smooth,16,202504,2025,23
71,Smooth,17,202505,2025,22
71,Smooth,18,202506,2025,21
71,Smooth,19,202507,2025,19
71,Smooth,20,202508,2025,18
71,Smooth,21,202509,2025,19
71,Smooth,22,202510,2025,21
71,Smooth,23,202511,2025,21
71,Smooth,24,202512,2025,22
71,Smooth,25,202601,2026,23
71,Smooth,26,202602,2026,24
71,Smooth,27,202603,2026,24
71,Smooth,28,202604,2026,25
71,Smooth,29,202605,2026,22
71,Smooth,30,202606,2026,23
71,Smooth,31,202607,2026,23
71,Smooth,32,202608,2026,20
71,Smooth,33,202609,2026,19
71,Smooth,34,202610,2026,21
71,Smooth,35,202611,2026,23
71,Smooth,36,202612,2026,22
72,Smooth,1,202401,2024,20
72,Smooth,2,202402,2024,20
72,Smooth,3,202403,2024,21
72,Smooth,4,202404,2024,20
72,Smooth,5,202405,2024,19
72,Smooth,6,202406,2024,18
72,Smooth,7,202407,2024,18
72,Smooth,8,202408,2024,18
72,Smooth,9,202409,2024,18
72,Smooth,10,202410,2024,16
72,Smooth,11,202411,2024,18
72,Smooth,12,202412,2024,20
72,Smooth,13,202501,2025,20
72,Smooth,14,202502,2025,23
72,Smooth,15,202503,2025,19
72,Smooth,16,202504,2025,23
72,Smooth,17,202505,2025,24
72,Smooth,18,202506,2025,20
72,Smooth,19,202507,2025,19
72,Smooth,20,202508,2025,20
72,Smooth,21,202509,2025,18
72,Smooth,22,202510,2025,19
72,Smooth,23,202511,2025,20
72,Smooth,24,202512,2025,23
72,Smooth,25,202601,2026,23
72,Smooth,26,202602,2026,24
72,Smooth,27,202603,2026,25
72,Smooth,28,202604,2026,24
72,Smooth,29,202605,2026,22
72,Smooth,30,202606,2026,22
72,Smooth,31,202607,2026,19
72,Smooth,32,202608,2026,21
72,Smooth,33,202609,2026,20
72,Smooth,34,202610,2026,21
72,Smooth,35,202611,2026,22
72,Smooth,36,202612,2026,22
73,Smooth,1,202401,2024,30
73,Smooth,2,202402,2024,30
73,Smooth,3,202403,2024,31
73,Smooth,4,202404,2024,30
73,Smooth,5,202405,2024,28
73,Smooth,6,202406,2024,30
73,Smooth,7,202407,2024,29
73,Smooth,8,202408,2024,27
73,Smooth,9,202409,2024,26
73,Smooth,10,202410,2024,27
73,Smooth,11,202411,2024,26
73,Smooth,12,202412,2024,28
73,Smooth,13,202501,2025,32
73,Smooth,14,202502,2025,32
73,Smooth,15,202503,2025,33
73,Smooth,16,202504,2025,36
73,Smooth,17,202505,2025,33
73,Smooth,18,202506,2025,31
73,Smooth,19,202507,2025,31
73,Smooth,20,202508,2025,27
73,Smooth,21,202509,2025,28
73,Smooth,22,202510,2025,27
73,Smooth,23,202511,2025,31
73,Smooth,24,202512,2025,31
73,Smooth,25,202601,2026,33
73,Smooth,26,202602,2026,32
73,Smooth,27,202603,2026,35
73,Smooth,28,202604,2026,37
73,Smooth,29,202605,2026,35
73,Smooth,30,202606,2026,34
73,Smooth,31,202607,2026,33
73,Smooth,32,202608,2026,28
73,Smooth,33,202609,2026,32
73,Smooth,34,202610,2026,29
73,Smooth,35,202611,2026,31
73,Smooth,36,202612,2026,34
74,Smooth,1,202401,2024,29
74,Smooth,2,202402,2024,29
74,Smooth,3,202403,2024,30
74,Smooth,4,202404,2024,31
74,Smooth,5,202405,2024,31
74,Smooth,6,202406,2024,28
74,Smooth,7,202407,2024,29
74,Smooth,8,202408,2024,27
74,Smooth,9,202409,2024,25
74,Smooth,10,202410,2024,28
74,Smooth,11,202411,2024,30
74,Smooth,12,202412,2024,30
74,Smooth,13,202501,2025,32
74,Smooth,14,202502,2025,34
74,Smooth,15,202503,2025,32
74,Smooth,16,202504,2025,37
74,Smooth,17,202505,2025,33
74,Smooth,18,202506,2025,31
74,Smooth,19,202507,2025,28
74,Smooth,20,202508,2025,28
74,Smooth,21,202509,2025,28
74,Smooth,22,202510,2025,27
74,Smooth,23,202511,2025,31
74,Smooth,24,202512,2025,30
74,Smooth,25,202601,2026,35
74,Smooth,26,202602,2026,36
74,Smooth,27,202603,2026,35
74,Smooth,28,202604,2026,36
74,Smooth,29,202605,2026,34
74,Smooth,30,202606,2026,33
74,Smooth,31,202607,2026,32
74,Smooth,32,202608,2026,27
74,Smooth,33,202609,2026,29
74,Smooth,34,202610,2026,30
74,Smooth,35,202611,2026,31
74,Smooth,36,202612,2026,34
75,Smooth,1,202401,2024,27
75,Smooth,2,202402,2024,28
75,Smooth,3,202403,2024,28
75,Smooth,4,202404,2024,30
75,Smooth,5,202405,2024,26
75,Smooth,6,202406,2024,27
75,Smooth,7,202407,2024,24
75,Smooth,8,202408,2024,25
75,Smooth,9,202409,2024,22
75,Smooth,10,202410,2024,27
75,Smooth,11,202411,2024,24
75,Smooth,12,202412,2024,24
75,Smooth,13,202501,2025,23
75,Smooth,14,202502,2025,29
75,Smooth,15,202503,2025,30
75,Smooth,16,202504,2025,30
75,Smooth,17,202505,2025,30
75,Smooth,18,202506,2025,28
75,Smooth,19,202507,2025,27
75,Smooth,20,202508,2025,26
75,Smooth,21,202509,2025,26
75,Smooth,22,202510,2025,27
75,Smooth,23,202511,2025,26
75,Smooth,24,202512,2025,28
75,Smooth,25,202601,2026,31
75,Smooth,26,202602,2026,29
75,Smooth,27,202603,2026,30
75,Smooth,28,202604,2026,31
75,Smooth,29,202605,2026,30
75,Smooth,30,202606,2026,32
75,Smooth,31,202607,2026,30
75,Smooth,32,202608,2026,30
75,Smooth,33,202609,2026,27
75,Smooth,34,202610,2026,27
75,Smooth,35,202611,2026,28
75,Smooth,36,202612,2026,31
76,Smooth,1,202401,2024,23
76,Smooth,2,202402,2024,27
76,Smooth,3,202403,2024,26
76,Smooth,4,202404,2024,26
76,Smooth,5,202405,2024,27
76,Smooth,6,202406,2024,26
76,Smooth,7,202407,2024,24
76,Smooth,8,202408,2024,24
76,Smooth,9,202409,2024,23
76,Smooth,10,202410,2024,22
76,Smooth,11,202411,2024,26
76,Smooth,12,202412,2024,26
76,Smooth,13,202501,2025,25
76,Smooth,14,202502,2025,29
76,Smooth,15,202503,2025,29
76,Smooth,16,202504,2025,28
76,Smooth,17,202505,2025,29
76,Smooth,18,202506,2025,29
76,Smooth,19,202507,2025,25
76,Smooth,20,202508,2025,24
76,Smooth,21,202509,2025,22
76,Smooth,22,202510,2025,22
76,Smooth,23,202511,2025,26
76,Smooth,24,202512,2025,27
76,Smooth,25,202601,2026,29
76,Smooth,26,202602,2026,30
76,Smooth,27,202603,2026,34
76,Smooth,28,202604,2026,34
76,Smooth,29,202605,2026,29
76,Smooth,30,202606,2026,27
76,Smooth,31,202607,2026,27
76,Smooth,32,202608,2026,26
76,Smooth,33,202609,2026,26
76,Smooth,34,202610,2026,26
76,Smooth,35,202611,2026,28
76,Smooth,36,202612,2026,31
77,Smooth,1,202401,2024,27
77,Smooth,2,202402,2024,30
77,Smooth,3,202403,2024,27
77,Smooth,4,202404,2024,27
77,Smooth,5,202405,2024,26
77,Smooth,6,202406,2024,27
77,Smooth,7,202407,2024,26
77,Smooth,8,202408,2024,23
77,Smooth,9,202409,2024,24
77,Smooth,10,202410,2024,26
77,Smooth,11,202411,2024,27
77,Smooth,12,202412,2024,27
77,Smooth,13,202501,2025,29
77,Smooth,14,202502,2025,32
77,Smooth,15,202503,2025,30
77,Smooth,16,202504,2025,31
77,Smooth,17,202505,2025,30
77,Smooth,18,202506,2025,28
77,Smooth,19,202507,2025,25
77,Smooth,20,202508,2025,27
77,Smooth,21,202509,2025,25
77,Smooth,22,202510,2025,25
77,Smooth,23,202511,2025,25
77,Smooth,24,202512,2025,31
77,Smooth,25,202601,2026,31
77,Smooth,26,202602,2026,32
77,Smooth,27,202603,2026,31
77,Smooth,28,202604,2026,31
77,Smooth,29,202605,2026,32
77,Smooth,30,202606,2026,30
77,Smooth,31,202607,2026,31
77,Smooth,32,202608,2026,26
77,Smooth,33,202609,2026,28
77,Smooth,34,202610,2026,27
77,Smooth,35,202611,2026,25
77,Smooth,36,202612,2026,32
78,Smooth,1,202401,2024,25
78,Smooth,2,202402,2024,22
78,Smooth,3,202403,2024,24
78,Smooth,4,202404,2024,24
78,Smooth,5,202405,2024,23
78,Smooth,6,202406,2024,22
78,Smooth,7,202407,2024,24
78,Smooth,8,202408,2024,20
78,Smooth,9,202409,2024,20
78,Smooth,10,202410,2024,21
78,Smooth,11,202411,2024,25
78,Smooth,12,202412,2024,25
78,Smooth,13,202501,2025,25
78,Smooth,14,202502,2025,24
78,Smooth,15,202503,2025,28
78,Smooth,16,202504,2025,29
78,Smooth,17,202505,2025,26
78,Smooth,18,202506,2025,26
78,Smooth,19,202507,2025,23
78,Smooth,20,202508,2025,21
78,Smooth,21,202509,2025,21
78,Smooth,22,202510,2025,22
78,Smooth,23,202511,2025,21
78,Smooth,24,202512,2025,22
78,Smooth,25,202601,2026,29
78,Smooth,26,202602,2026,30
78,Smooth,27,202603,2026,25
78,Smooth,28,202604,2026,28
78,Smooth,29,202605,2026,30
78,Smooth,30,202606,2026,27
78,Smooth,31,202607,2026,23
78,Smooth,32,202608,2026,24
78,Smooth,33,202609,2026,23
78,Smooth,34,202610,2026,24
78,Smooth,35,202611,2026,25
78,Smooth,36,202612,2026,26
79,Smooth,1,202401,2024,27
79,Smooth,2,202402,2024,28
79,Smooth,3,202403,2024,29
79,Smooth,4,202404,2024,30
79,Smooth,5,202405,2024,29
79,Smooth,6,202406,2024,27
79,Smooth,7,202407,2024,26
79,Smooth,8,202408,2024,25
79,Smooth,9,202409,2024,24
79,Smooth,10,202410,2024,26
79,Smooth,11,202411,2024,26
79,Smooth,12,202412,2024,28
79,Smooth,13,202501,2025,29
79,Smooth,14,202502,2025,31
79,Smooth,15,202503,2025,29
79,Smooth,16,202504,2025,30
79,Smooth,17,202505,2025,31
79,Smooth,18,202506,2025,30
79,Smooth,19,202507,2025,28
79,Smooth,20,202508,2025,26
79,Smooth,21,202509,2025,25
79,Smooth,22,202510,2025,27
79,Smooth,23,202511,2025,30
79,Smooth,24,202512,2025,29
79,Smooth,25,202601,2026,28
79,Smooth,26,202602,2026,30
79,Smooth,27,202603,2026,31
79,Smooth,28,202604,2026,36
79,Smooth,29,202605,2026,30
79,Smooth,30,202606,2026,35
79,Smooth,31,202607,2026,30
79,Smooth,32,202608,2026,25
79,Smooth,33,202609,2026,28
79,Smooth,34,202610,2026,28
79,Smooth,35,202611,2026,28
79,Smooth,36,202612,2026,31
80,Smooth,1,202401,2024,26
80,Smooth,2,202402,2024,28
80,Smooth,3,202403,2024,29
80,Smooth,4,202404,2024,28
80,Smooth,5,202405,2024,28
80,Smooth,6,202406,2024,26
80,Smooth,7,202407,2024,25
80,Smooth,8,202408,2024,25
80,Smooth,9,202409,2024,24
80,Smooth,10,202410,2024,25
80,Smooth,11,202411,2024,26
80,Smooth,12,202412,2024,24
80,Smooth,13,202501,2025,31
80,Smooth,14,202502,2025,29
80,Smooth,15,202503,2025,28
80,Smooth,16,202504,2025,26
80,Smooth,17,202505,2025,29
80,Smooth,18,202506,2025,27
80,Smooth,19,202507,2025,27
80,Smooth,20,202508,2025,27
80,Smooth,21,202509,2025,26
80,Smooth,22,202510,2025,25
80,Smooth,23,202511,2025,27
80,Smooth,24,202512,2025,29
80,Smooth,25,202601,2026,30
80,Smooth,26,202602,2026,26
80,Smooth,27,202603,2026,31
80,Smooth,28,202604,2026,31
80,Smooth,29,202605,2026,31
80,Smooth,30,202606,2026,28
80,Smooth,31,202607,2026,29
80,Smooth,32,202608,2026,27
80,Smooth,33,202609,2026,25
80,Smooth,34,202610,2026,27
80,Smooth,35,202611,2026,29
80,Smooth,36,202612,2026,28
81,Smooth,1,202401,2024,24
81,Smooth,2,202402,2024,25
81,Smooth,3,202403,2024,26
81,Smooth,4,202404,2024,23
81,Smooth,5,202405,2024,22
81,Smooth,6,202406,2024,24
81,Smooth,7,202407,2024,22
81,Smooth,8,202408,2024,22
81,Smooth,9,202409,2024,21
81,Smooth,10,202410,2024,22
81,Smooth,11,202411,2024,21
81,Smooth,12,202412,2024,25
81,Smooth,13,202501,2025,25
81,Smooth,14,202502,2025,26
81,Smooth,15,202503,2025,26
81,Smooth,16,202504,2025,26
81,Smooth,17,202505,2025,25
81,Smooth,18,202506,2025,25
81,Smooth,19,202507,2025,23
81,Smooth,20,202508,2025,22
81,Smooth,21,202509,2025,22
81,Smooth,22,202510,2025,22
81,Smooth,23,202511,2025,26
81,Smooth,24,202512,2025,25
81,Smooth,25,202601,2026,26
81,Smooth,26,202602,2026,26
81,Smooth,27,202603,2026,28
81,Smooth,28,202604,2026,27
81,Smooth,29,202605,2026,28
81,Smooth,30,202606,2026,27
81,Smooth,31,202607,2026,24
81,Smooth,32,202608,2026,24
81,Smooth,33,202609,2026,22
81,Smooth,34,202610,2026,24
81,Smooth,35,202611,2026,26
81,Smooth,36,202612,2026,27
82,Smooth,1,202401,2024,28
82,Smooth,2,202402,2024,30
82,Smooth,3,202403,2024,29
82,Smooth,4,202404,2024,28
82,Smooth,5,202405,2024,26
82,Smooth,6,202406,2024,28
82,Smooth,7,202407,2024,27
82,Smooth,8,202408,2024,25
82,Smooth,9,202409,2024,24
82,Smooth,10,202410,2024,25
82,Smooth,11,202411,2024,24
82,Smooth,12,202412,2024,25
82,Smooth,13,202501,2025,29
82,Smooth,14,202502,2025,27
82,Smooth,15,202503,2025,32
82,Smooth,16,202504,2025,31
82,Smooth,17,202505,2025,28
82,Smooth,18,202506,2025,30
82,Smooth,19,202507,2025,27
82,Smooth,20,202508,2025,24
82,Smooth,21,202509,2025,25
82,Smooth,22,202510,2025,25
82,Smooth,23,202511,2025,28
82,Smooth,24,202512,2025,29
82,Smooth,25,202601,2026,30
82,Smooth,26,202602,2026,30
82,Smooth,27,202603,2026,32
82,Smooth,28,202604,2026,34
82,Smooth,29,202605,2026,33
82,Smooth,30,202606,2026,29
82,Smooth,31,202607,2026,27
82,Smooth,32,202608,2026,29
82,Smooth,33,202609,2026,26
82,Smooth,34,202610,2026,29
82,Smooth,35,202611,2026,28
82,Smooth,36,202612,2026,30
83,Smooth,1,202401,2024,23
83,Smooth,2,202402,2024,24
83,Smooth,3,202403,2024,26
83,Smooth,4,202404,2024,25
83,Smooth,5,202405,2024,25
83,Smooth,6,202406,2024,22
83,Smooth,7,202407,2024,21
83,Smooth,8,202408,2024,21
83,Smooth,9,202409,2024,23
83,Smooth,10,202410,2024,21
83,Smooth,11,202411,2024,22
83,Smooth,12,202412,2024,24
83,Smooth,13,202501,2025,24
83,Smooth,14,202502,2025,25
83,Smooth,15,202503,2025,25
83,Smooth,16,202504,2025,26
83,Smooth,17,202505,2025,26
83,Smooth,18,202506,2025,24
83,Smooth,19,202507,2025,25
83,Smooth,20,202508,2025,21
83,Smooth,21,202509,2025,21
83,Smooth,22,202510,2025,22
83,Smooth,23,202511,2025,23
83,Smooth,24,202512,2025,24
83,Smooth,25,202601,2026,27
83,Smooth,26,202602,2026,27
83,Smooth,27,202603,2026,27
83,Smooth,28,202604,2026,27
83,Smooth,29,202605,2026,23
83,Smooth,30,202606,2026,23
83,Smooth,31,202607,2026,24
83,Smooth,32,202608,2026,25
83,Smooth,33,202609,2026,25
83,Smooth,34,202610,2026,23
83,Smooth,35,202611,2026,26
83,Smooth,36,202612,2026,26
84,Smooth,1,202401,2024,32
84,Smooth,2,202402,2024,28
84,Smooth,3,202403,2024,28
84,Smooth,4,202404,2024,31
84,Smooth,5,202405,2024,29
84,Smooth,6,202406,2024,29
84,Smooth,7,202407,2024,25
84,Smooth,8,202408,2024,27
84,Smooth,9,202409,2024,26
84,Smooth,10,202410,2024,27
84,Smooth,11,202411,2024,27
84,Smooth,12,202412,2024,30
84,Smooth,13,202501,2025,30
84,Smooth,14,202502,2025,34
84,Smooth,15,202503,2025,33
84,Smooth,16,202504,2025,33
84,Smooth,17,202505,2025,31
84,Smooth,18,202506,2025,30
84,Smooth,19,202507,2025,31
84,Smooth,20,202508,2025,29
84,Smooth,21,202509,2025,26
84,Smooth,22,202510,2025,29
84,Smooth,23,202511,2025,32
84,Smooth,24,202512,2025,30
84,Smooth,25,202601,2026,33
84,Smooth,26,202602,2026,36
84,Smooth,27,202603,2026,34
84,Smooth,28,202604,2026,37
84,Smooth,29,202605,2026,34
84,Smooth,30,202606,2026,33
84,Smooth,31,202607,2026,30
84,Smooth,32,202608,2026,31
84,Smooth,33,202609,2026,29
84,Smooth,34,202610,2026,27
84,Smooth,35,202611,2026,31
84,Smooth,36,202612,2026,34
85,Erratic,1,202401,2024,16
85,Erratic,2,202402,2024,17
85,Erratic,3,202403,2024,20
85,Erratic,4,202404,2024,13
85,Erratic,5,202405,2024,17
85,Erratic,6,202406,2024,13
85,Erratic,7,202407,2024,18
85,Erratic,8,202408,2024,16
85,Erratic,9,202409,2024,13
85,Erratic,10,202410,2024,15
85,Erratic,11,202411,2024,18
85,Erratic,12,202412,2024,0
85,Erratic,13,202501,2025,16
85,Erratic,14,202502,2025,17
85,Erratic,15,202503,2025,21
85,Erratic,16,202504,2025,19
85,Erratic,17,202505,2025,16
85,Erratic,18,202506,2025,16
85,Erratic,19,202507,2025,19
85,Erratic,20,202508,2025,17
85,Erratic,21,202509,2025,15
85,Erratic,22,202510,2025,17
85,Erratic,23,202511,2025,17
85,Erratic,24,202512,2025,16
85,Erratic,25,202601,2026,20
85,Erratic,26,202602,2026,20
85,Erratic,27,202603,2026,21
85,Erratic,28,202604,2026,18
85,Erratic,29,202605,2026,17
85,Erratic,30,202606,2026,21
85,Erratic,31,202607,2026,15
85,Erratic,32,202608,2026,15
85,Erratic,33,202609,2026,18
85,Erratic,34,202610,2026,19
85,Erratic,35,202611,2026,17
85,Erratic,36,202612,2026,20
86,Erratic,1,202401,2024,0
86,Erratic,2,202402,2024,23
86,Erratic,3,202403,2024,20
86,Erratic,4,202404,2024,23
86,Erratic,5,202405,2024,22
86,Erratic,6,202406,2024,22
86,Erratic,7,202407,2024,17
86,Erratic,8,202408,2024,20
86,Erratic,9,202409,2024,20
86,Erratic,10,202410,2024,17
86,Erratic,11,202411,2024,16
86,Erratic,12,202412,2024,24
86,Erratic,13,202501,2025,21
86,Erratic,14,202502,2025,22
86,Erratic,15,202503,2025,23
86,Erratic,16,202504,2025,20
86,Erratic,17,202505,2025,23
86,Erratic,18,202506,2025,17
86,Erratic,19,202507,2025,23
86,Erratic,20,202508,2025,21
86,Erratic,21,202509,2025,19
86,Erratic,22,202510,2025,19
86,Erratic,23,202511,2025,0
86,Erratic,24,202512,2025,18
86,Erratic,25,202601,2026,19
86,Erratic,26,202602,2026,22
86,Erratic,27,202603,2026,28
86,Erratic,28,202604,2026,23
86,Erratic,29,202605,2026,18
86,Erratic,30,202606,2026,23
86,Erratic,31,202607,2026,22
86,Erratic,32,202608,2026,22
86,Erratic,33,202609,2026,24
86,Erratic,34,202610,2026,19
86,Erratic,35,202611,2026,18
86,Erratic,36,202612,2026,19
87,Erratic,1,202401,2024,15
87,Erratic,2,202402,2024,12
87,Erratic,3,202403,2024,15
87,Erratic,4,202404,2024,15
87,Erratic,5,202405,2024,15
87,Erratic,6,202406,2024,14
87,Erratic,7,202407,2024,12
87,Erratic,8,202408,2024,12
87,Erratic,9,202409,2024,14
87,Erratic,10,202410,2024,0
87,Erratic,11,202411,2024,12
87,Erratic,12,202412,2024,13
87,Erratic,13,202501,2025,0
87,Erratic,14,202502,2025,16
87,Erratic,15,202503,2025,0
87,Erratic,16,202504,2025,14
87,Erratic,17,202505,2025,14
87,Erratic,18,202506,2025,14
87,Erratic,19,202507,2025,13
87,Erratic,20,202508,2025,9
87,Erratic,21,202509,2025,12
87,Erratic,22,202510,2025,11
87,Erratic,23,202511,2025,13
87,Erratic,24,202512,2025,14
87,Erratic,25,202601,2026,16
87,Erratic,26,202602,2026,12
87,Erratic,27,202603,2026,15
87,Erratic,28,202604,2026,14
87,Erratic,29,202605,2026,14
87,Erratic,30,202606,2026,14
87,Erratic,31,202607,2026,14
87,Erratic,32,202608,2026,14
87,Erratic,33,202609,2026,15
87,Erratic,34,202610,2026,12
87,Erratic,35,202611,2026,13
87,Erratic,36,202612,2026,15
88,Erratic,1,202401,2024,17
88,Erratic,2,202402,2024,19
88,Erratic,3,202403,2024,17
88,Erratic,4,202404,2024,17
88,Erratic,5,202405,2024,16
88,Erratic,6,202406,2024,16
88,Erratic,7,202407,2024,16
88,Erratic,8,202408,2024,16
88,Erratic,9,202409,2024,13
88,Erratic,10,202410,2024,15
88,Erratic,11,202411,2024,14
88,Erratic,12,202412,2024,0
88,Erratic,13,202501,2025,17
88,Erratic,14,202502,2025,14
88,Erratic,15,202503,2025,17
88,Erratic,16,202504,2025,16
88,Erratic,17,202505,2025,17
88,Erratic,18,202506,2025,19
88,Erratic,19,202507,2025,18
88,Erratic,20,202508,2025,17
88,Erratic,21,202509,2025,14
88,Erratic,22,202510,2025,14
88,Erratic,23,202511,2025,16
88,Erratic,24,202512,2025,18
88,Erratic,25,202601,2026,14
88,Erratic,26,202602,2026,16
88,Erratic,27,202603,2026,15
88,Erratic,28,202604,2026,17
88,Erratic,29,202605,2026,16
88,Erratic,30,202606,2026,16
88,Erratic,31,202607,2026,14
88,Erratic,32,202608,2026,15
88,Erratic,33,202609,2026,15
88,Erratic,34,202610,2026,19
88,Erratic,35,202611,2026,14
88,Erratic,36,202612,2026,16
89,Erratic,1,202401,2024,15
89,Erratic,2,202402,2024,17
89,Erratic,3,202403,2024,20
89,Erratic,4,202404,2024,17
89,Erratic,5,202405,2024,15
89,Erratic,6,202406,2024,15
89,Erratic,7,202407,2024,16
89,Erratic,8,202408,2024,15
89,Erratic,9,202409,2024,13
89,Erratic,10,202410,2024,16
89,Erratic,11,202411,2024,15
89,Erratic,12,202412,2024,15
89,Erratic,13,202501,2025,18
89,Erratic,14,202502,2025,19
89,Erratic,15,202503,2025,0
89,Erratic,16,202504,2025,0
89,Erratic,17,202505,2025,18
89,Erratic,18,202506,2025,16
89,Erratic,19,202507,2025,15
89,Erratic,20,202508,2025,15
89,Erratic,21,202509,2025,18
89,Erratic,22,202510,2025,17
89,Erratic,23,202511,2025,15
89,Erratic,24,202512,2025,17
89,Erratic,25,202601,2026,19
89,Erratic,26,202602,2026,19
89,Erratic,27,202603,2026,17
89,Erratic,28,202604,2026,0
89,Erratic,29,202605,2026,18
89,Erratic,30,202606,2026,15
89,Erratic,31,202607,2026,18
89,Erratic,32,202608,2026,0
89,Erratic,33,202609,2026,0
89,Erratic,34,202610,2026,17
89,Erratic,35,202611,2026,20
89,Erratic,36,202612,2026,17
90,Erratic,1,202401,2024,19
90,Erratic,2,202402,2024,21
90,Erratic,3,202403,2024,18
90,Erratic,4,202404,2024,17
90,Erratic,5,202405,2024,17
90,Erratic,6,202406,2024,17
90,Erratic,7,202407,2024,17
90,Erratic,8,202408,2024,14
90,Erratic,9,202409,2024,14
90,Erratic,10,202410,2024,17
90,Erratic,11,202411,2024,14
90,Erratic,12,202412,2024,19
90,Erratic,13,202501,2025,17
90,Erratic,14,202502,2025,17
90,Erratic,15,202503,2025,17
90,Erratic,16,202504,2025,22
90,Erratic,17,202505,2025,17
90,Erratic,18,202506,2025,18
90,Erratic,19,202507,2025,16
90,Erratic,20,202508,2025,16
90,Erratic,21,202509,2025,17
90,Erratic,22,202510,2025,18
90,Erratic,23,202511,2025,14
90,Erratic,24,202512,2025,15
90,Erratic,25,202601,2026,18
90,Erratic,26,202602,2026,17
90,Erratic,27,202603,2026,19
90,Erratic,28,202604,2026,18
90,Erratic,29,202605,2026,19
90,Erratic,30,202606,2026,18
90,Erratic,31,202607,2026,16
90,Erratic,32,202608,2026,16
90,Erratic,33,202609,2026,19
90,Erratic,34,202610,2026,15
90,Erratic,35,202611,2026,20
90,Erratic,36,202612,2026,21
91,Erratic,1,202401,2024,14
91,Erratic,2,202402,2024,14
91,Erratic,3,202403,2024,14
91,Erratic,4,202404,2024,15
91,Erratic,5,202405,2024,15
91,Erratic,6,202406,2024,15
91,Erratic,7,202407,2024,15
91,Erratic,8,202408,2024,13
91,Erratic,9,202409,2024,15
91,Erratic,10,202410,2024,14
91,Erratic,11,202411,2024,16
91,Erratic,12,202412,2024,0
91,Erratic,13,202501,2025,17
91,Erratic,14,202502,2025,17
91,Erratic,15,202503,2025,16
91,Erratic,16,202504,2025,18
91,Erratic,17,202505,2025,15
91,Erratic,18,202506,2025,15
91,Erratic,19,202507,2025,16
91,Erratic,20,202508,2025,14
91,Erratic,21,202509,2025,13
91,Erratic,22,202510,2025,17
91,Erratic,23,202511,2025,13
91,Erratic,24,202512,2025,14
91,Erratic,25,202601,2026,16
91,Erratic,26,202602,2026,15
91,Erratic,27,202603,2026,19
91,Erratic,28,202604,2026,16
91,Erratic,29,202605,2026,17
91,Erratic,30,202606,2026,17
91,Erratic,31,202607,2026,13
91,Erratic,32,202608,2026,16
91,Erratic,33,202609,2026,15
91,Erratic,34,202610,2026,15
91,Erratic,35,202611,2026,13
91,Erratic,36,202612,2026,16
92,Erratic,1,202401,2024,17
92,Erratic,2,202402,2024,18
92,Erratic,3,202403,2024,20
92,Erratic,4,202404,2024,23
92,Erratic,5,202405,2024,21
92,Erratic,6,202406,2024,16
92,Erratic,7,202407,2024,14
92,Erratic,8,202408,2024,18
92,Erratic,9,202409,2024,17
92,Erratic,10,202410,2024,18
92,Erratic,11,202411,2024,19
92,Erratic,12,202412,2024,16
92,Erratic,13,202501,2025,18
92,Erratic,14,202502,2025,20
92,Erratic,15,202503,2025,23
92,Erratic,16,202504,2025,24
92,Erratic,17,202505,2025,18
92,Erratic,18,202506,2025,20
92,Erratic,19,202507,2025,20
92,Erratic,20,202508,2025,17
92,Erratic,21,202509,2025,18
92,Erratic,22,202510,2025,16
92,Erratic,23,202511,2025,21
92,Erratic,24,202512,2025,18
92,Erratic,25,202601,2026,24
92,Erratic,26,202602,2026,0
92,Erratic,27,202603,2026,18
92,Erratic,28,202604,2026,19
92,Erratic,29,202605,2026,21
92,Erratic,30,202606,2026,19
92,Erratic,31,202607,2026,20
92,Erratic,32,202608,2026,20
92,Erratic,33,202609,2026,21
92,Erratic,34,202610,2026,17
92,Erratic,35,202611,2026,20
92,Erratic,36,202612,2026,20
93,Erratic,1,202401,2024,20
93,Erratic,2,202402,2024,17
93,Erratic,3,202403,2024,21
93,Erratic,4,202404,2024,18
93,Erratic,5,202405,2024,18
93,Erratic,6,202406,2024,15
93,Erratic,7,202407,2024,20
93,Erratic,8,202408,2024,18
93,Erratic,9,202409,2024,18
93,Erratic,10,202410,2024,17
93,Erratic,11,202411,2024,16
93,Erratic,12,202412,2024,14
93,Erratic,13,202501,2025,16
93,Erratic,14,202502,2025,21
93,Erratic,15,202503,2025,16
93,Erratic,16,202504,2025,20
93,Erratic,17,202505,2025,19
93,Erratic,18,202506,2025,17
93,Erratic,19,202507,2025,17
93,Erratic,20,202508,2025,15
93,Erratic,21,202509,2025,19
93,Erratic,22,202510,2025,15
93,Erratic,23,202511,2025,15
93,Erratic,24,202512,2025,20
93,Erratic,25,202601,2026,18
93,Erratic,26,202602,2026,0
93,Erratic,27,202603,2026,18
93,Erratic,28,202604,2026,21
93,Erratic,29,202605,2026,18
93,Erratic,30,202606,2026,19
93,Erratic,31,202607,2026,17
93,Erratic,32,202608,2026,19
93,Erratic,33,202609,2026,16
93,Erratic,34,202610,2026,16
93,Erratic,35,202611,2026,18
93,Erratic,36,202612,2026,18
94,Erratic,1,202401,2024,15
94,Erratic,2,202402,2024,16
94,Erratic,3,202403,2024,16
94,Erratic,4,202404,2024,14
94,Erratic,5,202405,2024,0
94,Erratic,6,202406,2024,16
94,Erratic,7,202407,2024,0
94,Erratic,8,202408,2024,13
94,Erratic,9,202409,2024,13
94,Erratic,10,202410,2024,12
94,Erratic,11,202411,2024,13
94,Erratic,12,202412,2024,15
94,Erratic,13,202501,2025,17
94,Erratic,14,202502,2025,15
94,Erratic,15,202503,2025,15
94,Erratic,16,202504,2025,16
94,Erratic,17,202505,2025,15
94,Erratic,18,202506,2025,14
94,Erratic,19,202507,2025,14
94,Erratic,20,202508,2025,12
94,Erratic,21,202509,2025,12
94,Erratic,22,202510,2025,12
94,Erratic,23,202511,2025,14
94,Erratic,24,202512,2025,13
94,Erratic,25,202601,2026,15
94,Erratic,26,202602,2026,14
94,Erratic,27,202603,2026,18
94,Erratic,28,202604,2026,16
94,Erratic,29,202605,2026,17
94,Erratic,30,202606,2026,13
94,Erratic,31,202607,2026,12
94,Erratic,32,202608,2026,17
94,Erratic,33,202609,2026,15
94,Erratic,34,202610,2026,13
94,Erratic,35,202611,2026,16
94,Erratic,36,202612,2026,15
95,Erratic,1,202401,2024,20
95,Erratic,2,202402,2024,21
95,Erratic,3,202403,2024,20
95,Erratic,4,202404,2024,19
95,Erratic,5,202405,2024,20
95,Erratic,6,202406,2024,13
95,Erratic,7,202407,2024,17
95,Erratic,8,202408,2024,0
95,Erratic,9,202409,2024,18
95,Erratic,10,202410,2024,19
95,Erratic,11,202411,2024,16
95,Erratic,12,202412,2024,19
95,Erratic,13,202501,2025,19
95,Erratic,14,202502,2025,19
95,Erratic,15,202503,2025,23
95,Erratic,16,202504,2025,19
95,Erratic,17,202505,2025,24
95,Erratic,18,202506,2025,17
95,Erratic,19,202507,2025,0
95,Erratic,20,202508,2025,18
95,Erratic,21,202509,2025,17
95,Erratic,22,202510,2025,17
95,Erratic,23,202511,2025,18
95,Erratic,24,202512,2025,0
95,Erratic,25,202601,2026,15
95,Erratic,26,202602,2026,20
95,Erratic,27,202603,2026,24
95,Erratic,28,202604,2026,23
95,Erratic,29,202605,2026,22
95,Erratic,30,202606,2026,0
95,Erratic,31,202607,2026,20
95,Erratic,32,202608,2026,19
95,Erratic,33,202609,2026,16
95,Erratic,34,202610,2026,19
95,Erratic,35,202611,2026,18
95,Erratic,36,202612,2026,19
96,Erratic,1,202401,2024,22
96,Erratic,2,202402,2024,20
96,Erratic,3,202403,2024,23
96,Erratic,4,202404,2024,22
96,Erratic,5,202405,2024,19
96,Erratic,6,202406,2024,18
96,Erratic,7,202407,2024,22
96,Erratic,8,202408,2024,22
96,Erratic,9,202409,2024,20
96,Erratic,10,202410,2024,23
96,Erratic,11,202411,2024,19
96,Erratic,12,202412,2024,0
96,Erratic,13,202501,2025,0
96,Erratic,14,202502,2025,21
96,Erratic,15,202503,2025,22
96,Erratic,16,202504,2025,21
96,Erratic,17,202505,2025,21
96,Erratic,18,202506,2025,20
96,Erratic,19,202507,2025,22
96,Erratic,20,202508,2025,21
96,Erratic,21,202509,2025,18
96,Erratic,22,202510,2025,23
96,Erratic,23,202511,2025,22
96,Erratic,24,202512,2025,24
96,Erratic,25,202601,2026,23
96,Erratic,26,202602,2026,28
96,Erratic,27,202603,2026,21
96,Erratic,28,202604,2026,24
96,Erratic,29,202605,2026,27
96,Erratic,30,202606,2026,25
96,Erratic,31,202607,2026,25
96,Erratic,32,202608,2026,22
96,Erratic,33,202609,2026,18
96,Erratic,34,202610,2026,21
96,Erratic,35,202611,2026,21
96,Erratic,36,202612,2026,21
97,Erratic,1,202401,2024,15
97,Erratic,2,202402,2024,14
97,Erratic,3,202403,2024,14
97,Erratic,4,202404,2024,16
97,Erratic,5,202405,2024,16
97,Erratic,6,202406,2024,15
97,Erratic,7,202407,2024,13
97,Erratic,8,202408,2024,13
97,Erratic,9,202409,2024,14
97,Erratic,10,202410,2024,15
97,Erratic,11,202411,2024,15
97,Erratic,12,202412,2024,13
97,Erratic,13,202501,2025,14
97,Erratic,14,202502,2025,16
97,Erratic,15,202503,2025,17
97,Erratic,16,202504,2025,16
97,Erratic,17,202505,2025,18
97,Erratic,18,202506,2025,18
97,Erratic,19,202507,2025,14
97,Erratic,20,202508,2025,0
97,Erratic,21,202509,2025,14
97,Erratic,22,202510,2025,14
97,Erratic,23,202511,2025,15
97,Erratic,24,202512,2025,0
97,Erratic,25,202601,2026,19
97,Erratic,26,202602,2026,0
97,Erratic,27,202603,2026,18
97,Erratic,28,202604,2026,18
97,Erratic,29,202605,2026,15
97,Erratic,30,202606,2026,16
97,Erratic,31,202607,2026,17
97,Erratic,32,202608,2026,15
97,Erratic,33,202609,2026,14
97,Erratic,34,202610,2026,13
97,Erratic,35,202611,2026,15
97,Erratic,36,202612,2026,13
98,Erratic,1,202401,2024,19
98,Erratic,2,202402,2024,22
98,Erratic,3,202403,2024,22
98,Erratic,4,202404,2024,18
98,Erratic,5,202405,2024,27
98,Erratic,6,202406,2024,17
98,Erratic,7,202407,2024,20
98,Erratic,8,202408,2024,19
98,Erratic,9,202409,2024,21
98,Erratic,10,202410,2024,20
98,Erratic,11,202411,2024,21
98,Erratic,12,202412,2024,24
98,Erratic,13,202501,2025,23
98,Erratic,14,202502,2025,21
98,Erratic,15,202503,2025,23
98,Erratic,16,202504,2025,22
98,Erratic,17,202505,2025,23
98,Erratic,18,202506,2025,25
98,Erratic,19,202507,2025,20
98,Erratic,20,202508,2025,24
98,Erratic,21,202509,2025,16
98,Erratic,22,202510,2025,19
98,Erratic,23,202511,2025,21
98,Erratic,24,202512,2025,20
98,Erratic,25,202601,2026,22
98,Erratic,26,202602,2026,22
98,Erratic,27,202603,2026,23
98,Erratic,28,202604,2026,24
98,Erratic,29,202605,2026,21
98,Erratic,30,202606,2026,22
98,Erratic,31,202607,2026,18
98,Erratic,32,202608,2026,20
98,Erratic,33,202609,2026,17
98,Erratic,34,202610,2026,21
98,Erratic,35,202611,2026,22
98,Erratic,36,202612,2026,23
99,Erratic,1,202401,2024,15
99,Erratic,2,202402,2024,18
99,Erratic,3,202403,2024,20
99,Erratic,4,202404,2024,16
99,Erratic,5,202405,2024,19
99,Erratic,6,202406,2024,15
99,Erratic,7,202407,2024,16
99,Erratic,8,202408,2024,14
99,Erratic,9,202409,2024,11
99,Erratic,10,202410,2024,15
99,Erratic,11,202411,2024,17
99,Erratic,12,202412,2024,18
99,Erratic,13,202501,2025,19
99,Erratic,14,202502,2025,15
99,Erratic,15,202503,2025,21
99,Erratic,16,202504,2025,17
99,Erratic,17,202505,2025,19
99,Erratic,18,202506,2025,17
99,Erratic,19,202507,2025,18
99,Erratic,20,202508,2025,14
99,Erratic,21,202509,2025,15
99,Erratic,22,202510,2025,15
99,Erratic,23,202511,2025,16
99,Erratic,24,202512,2025,16
99,Erratic,25,202601,2026,17
99,Erratic,26,202602,2026,0
99,Erratic,27,202603,2026,21
99,Erratic,28,202604,2026,18
99,Erratic,29,202605,2026,21
99,Erratic,30,202606,2026,18
99,Erratic,31,202607,2026,16
99,Erratic,32,202608,2026,17
99,Erratic,33,202609,2026,20
99,Erratic,34,202610,2026,18
99,Erratic,35,202611,2026,21
99,Erratic,36,202612,2026,20
100,Erratic,1,202401,2024,20
100,Erratic,2,202402,2024,20
100,Erratic,3,202403,2024,24
100,Erratic,4,202404,2024,25
100,Erratic,5,202405,2024,22
100,Erratic,6,202406,2024,20
100,Erratic,7,202407,2024,18
100,Erratic,8,202408,2024,20
100,Erratic,9,202409,2024,23
100,Erratic,10,202410,2024,20
100,Erratic,11,202411,2024,22
100,Erratic,12,202412,2024,22
100,Erratic,13,202501,2025,0
100,Erratic,14,202502,2025,22
100,Erratic,15,202503,2025,24
100,Erratic,16,202504,2025,23
100,Erratic,17,202505,2025,20
100,Erratic,18,202506,2025,22
100,Erratic,19,202507,2025,19
100,Erratic,20,202508,2025,22
100,Erratic,21,202509,2025,19
100,Erratic,22,202510,2025,22
100,Erratic,23,202511,2025,26
100,Erratic,24,202512,2025,19
100,Erratic,25,202601,2026,25
100,Erratic,26,202602,2026,22
100,Erratic,27,202603,2026,28
100,Erratic,28,202604,2026,24
100,Erratic,29,202605,2026,25
100,Erratic,30,202606,2026,17
100,Erratic,31,202607,2026,22
100,Erratic,32,202608,2026,0
100,Erratic,33,202609,2026,21
100,Erratic,34,202610,2026,20
100,Erratic,35,202611,2026,24
100,Erratic,36,202612,2026,25
101,Erratic,1,202401,2024,14
101,Erratic,2,202402,2024,14
101,Erratic,3,202403,2024,15
101,Erratic,4,202404,2024,15
101,Erratic,5,202405,2024,15
101,Erratic,6,202406,2024,15
101,Erratic,7,202407,2024,13
101,Erratic,8,202408,2024,13
101,Erratic,9,202409,2024,13
101,Erratic,10,202410,2024,13
101,Erratic,11,202411,2024,15
101,Erratic,12,202412,2024,12
101,Erratic,13,202501,2025,13
101,Erratic,14,202502,2025,13
101,Erratic,15,202503,2025,18
101,Erratic,16,202504,2025,13
101,Erratic,17,202505,2025,15
101,Erratic,18,202506,2025,14
101,Erratic,19,202507,2025,15
101,Erratic,20,202508,2025,17
101,Erratic,21,202509,2025,15
101,Erratic,22,202510,2025,10
101,Erratic,23,202511,2025,16
101,Erratic,24,202512,2025,15
101,Erratic,25,202601,2026,13
101,Erratic,26,202602,2026,16
101,Erratic,27,202603,2026,16
101,Erratic,28,202604,2026,17
101,Erratic,29,202605,2026,15
101,Erratic,30,202606,2026,12
101,Erratic,31,202607,2026,18
101,Erratic,32,202608,2026,14
101,Erratic,33,202609,2026,13
101,Erratic,34,202610,2026,13
101,Erratic,35,202611,2026,16
101,Erratic,36,202612,2026,17
102,Erratic,1,202401,2024,22
102,Erratic,2,202402,2024,23
102,Erratic,3,202403,2024,20
102,Erratic,4,202404,2024,22
102,Erratic,5,202405,2024,21
102,Erratic,6,202406,2024,22
102,Erratic,7,202407,2024,21
102,Erratic,8,202408,2024,20
102,Erratic,9,202409,2024,20
102,Erratic,10,202410,2024,19
102,Erratic,11,202411,2024,21
102,Erratic,12,202412,2024,19
102,Erratic,13,202501,2025,23
102,Erratic,14,202502,2025,22
102,Erratic,15,202503,2025,25
102,Erratic,16,202504,2025,22
102,Erratic,17,202505,2025,20
102,Erratic,18,202506,2025,21
102,Erratic,19,202507,2025,21
102,Erratic,20,202508,2025,23
102,Erratic,21,202509,2025,22
102,Erratic,22,202510,2025,14
102,Erratic,23,202511,2025,0
102,Erratic,24,202512,2025,22
102,Erratic,25,202601,2026,24
102,Erratic,26,202602,2026,19
102,Erratic,27,202603,2026,26
102,Erratic,28,202604,2026,22
102,Erratic,29,202605,2026,23
102,Erratic,30,202606,2026,22
102,Erratic,31,202607,2026,20
102,Erratic,32,202608,2026,20
102,Erratic,33,202609,2026,24
102,Erratic,34,202610,2026,22
102,Erratic,35,202611,2026,22
102,Erratic,36,202612,2026,24
103,Erratic,1,202401,2024,26
103,Erratic,2,202402,2024,23
103,Erratic,3,202403,2024,23
103,Erratic,4,202404,2024,26
103,Erratic,5,202405,2024,24
103,Erratic,6,202406,2024,23
103,Erratic,7,202407,2024,18
103,Erratic,8,202408,2024,22
103,Erratic,9,202409,2024,21
103,Erratic,10,202410,2024,22
103,Erratic,11,202411,2024,24
103,Erratic,12,202412,2024,25
103,Erratic,13,202501,2025,25
103,Erratic,14,202502,2025,21
103,Erratic,15,202503,2025,27
103,Erratic,16,202504,2025,21
103,Erratic,17,202505,2025,23
103,Erratic,18,202506,2025,0
103,Erratic,19,202507,2025,24
103,Erratic,20,202508,2025,23
103,Erratic,21,202509,2025,22
103,Erratic,22,202510,2025,21
103,Erratic,23,202511,2025,21
103,Erratic,24,202512,2025,25
103,Erratic,25,202601,2026,27
103,Erratic,26,202602,2026,23
103,Erratic,27,202603,2026,28
103,Erratic,28,202604,2026,27
103,Erratic,29,202605,2026,25
103,Erratic,30,202606,2026,28
103,Erratic,31,202607,2026,25
103,Erratic,32,202608,2026,20
103,Erratic,33,202609,2026,25
103,Erratic,34,202610,2026,19
103,Erratic,35,202611,2026,25
103,Erratic,36,202612,2026,24
104,Erratic,1,202401,2024,12
104,Erratic,2,202402,2024,0
104,Erratic,3,202403,2024,12
104,Erratic,4,202404,2024,14
104,Erratic,5,202405,2024,13
104,Erratic,6,202406,2024,13
104,Erratic,7,202407,2024,0
104,Erratic,8,202408,2024,12
104,Erratic,9,202409,2024,13
104,Erratic,10,202410,2024,12
104,Erratic,11,202411,2024,0
104,Erratic,12,202412,2024,11
104,Erratic,13,202501,2025,12
104,Erratic,14,202502,2025,13
104,Erratic,15,202503,2025,11
104,Erratic,16,202504,2025,12
104,Erratic,17,202505,2025,12
104,Erratic,18,202506,2025,12
104,Erratic,19,202507,2025,13
104,Erratic,20,202508,2025,13
104,Erratic,21,202509,2025,14
104,Erratic,22,202510,2025,14
104,Erratic,23,202511,2025,12
104,Erratic,24,202512,2025,13
104,Erratic,25,202601,2026,13
104,Erratic,26,202602,2026,13
104,Erratic,27,202603,2026,0
104,Erratic,28,202604,2026,13
104,Erratic,29,202605,2026,15
104,Erratic,30,202606,2026,11
104,Erratic,31,202607,2026,13
104,Erratic,32,202608,2026,11
104,Erratic,33,202609,2026,12
104,Erratic,34,202610,2026,12
104,Erratic,35,202611,2026,12
104,Erratic,36,202612,2026,13
105,Erratic,1,202401,2024,21
105,Erratic,2,202402,2024,19
105,Erratic,3,202403,2024,21
105,Erratic,4,202404,2024,18
105,Erratic,5,202405,2024,18
105,Erratic,6,202406,2024,17
105,Erratic,7,202407,2024,20
105,Erratic,8,202408,2024,16
105,Erratic,9,202409,2024,0
105,Erratic,10,202410,2024,19
105,Erratic,11,202411,2024,16
105,Erratic,12,202412,2024,20
105,Erratic,13,202501,2025,22
105,Erratic,14,202502,2025,20
105,Erratic,15,202503,2025,26
105,Erratic,16,202504,2025,24
105,Erratic,17,202505,2025,21
105,Erratic,18,202506,2025,20
105,Erratic,19,202507,2025,17
105,Erratic,20,202508,2025,0
105,Erratic,21,202509,2025,20
105,Erratic,22,202510,2025,16
105,Erratic,23,202511,2025,20
105,Erratic,24,202512,2025,20
105,Erratic,25,202601,2026,23
105,Erratic,26,202602,2026,21
105,Erratic,27,202603,2026,21
105,Erratic,28,202604,2026,26
105,Erratic,29,202605,2026,21
105,Erratic,30,202606,2026,0
105,Erratic,31,202607,2026,16
105,Erratic,32,202608,2026,20
105,Erratic,33,202609,2026,18
105,Erratic,34,202610,2026,19
105,Erratic,35,202611,2026,20
105,Erratic,36,202612,2026,20
106,Erratic,1,202401,2024,15
106,Erratic,2,202402,2024,0
106,Erratic,3,202403,2024,0
106,Erratic,4,202404,2024,17
106,Erratic,5,202405,2024,16
106,Erratic,6,202406,2024,15
106,Erratic,7,202407,2024,14
106,Erratic,8,202408,2024,14
106,Erratic,9,202409,2024,15
106,Erratic,10,202410,2024,0
106,Erratic,11,202411,2024,0
106,Erratic,12,202412,2024,13
106,Erratic,13,202501,2025,14
106,Erratic,14,202502,2025,16
106,Erratic,15,202503,2025,17
106,Erratic,16,202504,2025,16
106,Erratic,17,202505,2025,16
106,Erratic,18,202506,2025,15
106,Erratic,19,202507,2025,12
106,Erratic,20,202508,2025,12
106,Erratic,21,202509,2025,15
106,Erratic,22,202510,2025,14
106,Erratic,23,202511,2025,13
106,Erratic,24,202512,2025,15
106,Erratic,25,202601,2026,19
106,Erratic,26,202602,2026,13
106,Erratic,27,202603,2026,15
106,Erratic,28,202604,2026,14
106,Erratic,29,202605,2026,21
106,Erratic,30,202606,2026,17
106,Erratic,31,202607,2026,14
106,Erratic,32,202608,2026,13
106,Erratic,33,202609,2026,13
106,Erratic,34,202610,2026,15
106,Erratic,35,202611,2026,14
106,Erratic,36,202612,2026,17
107,Erratic,1,202401,2024,14
107,Erratic,2,202402,2024,17
107,Erratic,3,202403,2024,14
107,Erratic,4,202404,2024,16
107,Erratic,5,202405,2024,14
107,Erratic,6,202406,2024,15
107,Erratic,7,202407,2024,13
107,Erratic,8,202408,2024,13
107,Erratic,9,202409,2024,13
107,Erratic,10,202410,2024,15
107,Erratic,11,202411,2024,15
107,Erratic,12,202412,2024,16
107,Erratic,13,202501,2025,16
107,Erratic,14,202502,2025,0
107,Erratic,15,202503,2025,16
107,Erratic,16,202504,2025,14
107,Erratic,17,202505,2025,17
107,Erratic,18,202506,2025,16
107,Erratic,19,202507,2025,15
107,Erratic,20,202508,2025,16
107,Erratic,21,202509,2025,13
107,Erratic,22,202510,2025,15
107,Erratic,23,202511,2025,14
107,Erratic,24,202512,2025,17
107,Erratic,25,202601,2026,14
107,Erratic,26,202602,2026,15
107,Erratic,27,202603,2026,17
107,Erratic,28,202604,2026,17
107,Erratic,29,202605,2026,17
107,Erratic,30,202606,2026,14
107,Erratic,31,202607,2026,12
107,Erratic,32,202608,2026,15
107,Erratic,33,202609,2026,13
107,Erratic,34,202610,2026,11
107,Erratic,35,202611,2026,16
107,Erratic,36,202612,2026,14
108,Erratic,1,202401,2024,14
108,Erratic,2,202402,2024,15
108,Erratic,3,202403,2024,14
108,Erratic,4,202404,2024,13
108,Erratic,5,202405,2024,15
108,Erratic,6,202406,2024,12
108,Erratic,7,202407,2024,12
108,Erratic,8,202408,2024,12
108,Erratic,9,202409,2024,13
108,Erratic,10,202410,2024,13
108,Erratic,11,202411,2024,14
108,Erratic,12,202412,2024,13
108,Erratic,13,202501,2025,13
108,Erratic,14,202502,2025,16
108,Erratic,15,202503,2025,14
108,Erratic,16,202504,2025,16
108,Erratic,17,202505,2025,16
108,Erratic,18,202506,2025,15
108,Erratic,19,202507,2025,15
108,Erratic,20,202508,2025,14
108,Erratic,21,202509,2025,13
108,Erratic,22,202510,2025,13
108,Erratic,23,202511,2025,14
108,Erratic,24,202512,2025,13
108,Erratic,25,202601,2026,16
108,Erratic,26,202602,2026,15
108,Erratic,27,202603,2026,18
108,Erratic,28,202604,2026,17
108,Erratic,29,202605,2026,18
108,Erratic,30,202606,2026,17
108,Erratic,31,202607,2026,15
108,Erratic,32,202608,2026,11
108,Erratic,33,202609,2026,15
108,Erratic,34,202610,2026,11
108,Erratic,35,202611,2026,12
108,Erratic,36,202612,2026,17
109,Erratic,1,202401,2024,22
109,Erratic,2,202402,2024,21
109,Erratic,3,202403,2024,23
109,Erratic,4,202404,2024,18
109,Erratic,5,202405,2024,20
109,Erratic,6,202406,2024,20
109,Erratic,7,202407,2024,20
109,Erratic,8,202408,2024,19
109,Erratic,9,202409,2024,20
109,Erratic,10,202410,2024,0
109,Erratic,11,202411,2024,20
109,Erratic,12,202412,2024,18
109,Erratic,13,202501,2025,21
109,Erratic,14,202502,2025,26
109,Erratic,15,202503,2025,22
109,Erratic,16,202504,2025,22
109,Erratic,17,202505,2025,20
109,Erratic,18,202506,2025,22
109,Erratic,19,202507,2025,20
109,Erratic,20,202508,2025,21
109,Erratic,21,202509,2025,0
109,Erratic,22,202510,2025,0
109,Erratic,23,202511,2025,20
109,Erratic,24,202512,2025,24
109,Erratic,25,202601,2026,19
109,Erratic,26,202602,2026,21
109,Erratic,27,202603,2026,21
109,Erratic,28,202604,2026,25
109,Erratic,29,202605,2026,22
109,Erratic,30,202606,2026,19
109,Erratic,31,202607,2026,20
109,Erratic,32,202608,2026,18
109,Erratic,33,202609,2026,20
109,Erratic,34,202610,2026,18
109,Erratic,35,202611,2026,19
109,Erratic,36,202612,2026,18
110,Erratic,1,202401,2024,12
110,Erratic,2,202402,2024,14
110,Erratic,3,202403,2024,16
110,Erratic,4,202404,2024,17
110,Erratic,5,202405,2024,15
110,Erratic,6,202406,2024,16
110,Erratic,7,202407,2024,12
110,Erratic,8,202408,2024,13
110,Erratic,9,202409,2024,13
110,Erratic,10,202410,2024,14
110,Erratic,11,202411,2024,15
110,Erratic,12,202412,2024,15
110,Erratic,13,202501,2025,15
110,Erratic,14,202502,2025,12
110,Erratic,15,202503,2025,14
110,Erratic,16,202504,2025,15
110,Erratic,17,202505,2025,13
110,Erratic,18,202506,2025,0
110,Erratic,19,202507,2025,13
110,Erratic,20,202508,2025,13
110,Erratic,21,202509,2025,11
110,Erratic,22,202510,2025,13
110,Erratic,23,202511,2025,14
110,Erratic,24,202512,2025,16
110,Erratic,25,202601,2026,13
110,Erratic,26,202602,2026,15
110,Erratic,27,202603,2026,15
110,Erratic,28,202604,2026,18
110,Erratic,29,202605,2026,14
110,Erratic,30,202606,2026,15
110,Erratic,31,202607,2026,11
110,Erratic,32,202608,2026,15
110,Erratic,33,202609,2026,13
110,Erratic,34,202610,2026,14
110,Erratic,35,202611,2026,15
110,Erratic,36,202612,2026,12
111,Erratic,1,202401,2024,21
111,Erratic,2,202402,2024,22
111,Erratic,3,202403,2024,24
111,Erratic,4,202404,2024,22
111,Erratic,5,202405,2024,20
111,Erratic,6,202406,2024,17
111,Erratic,7,202407,2024,19
111,Erratic,8,202408,2024,19
111,Erratic,9,202409,2024,19
111,Erratic,10,202410,2024,19
111,Erratic,11,202411,2024,17
111,Erratic,12,202412,2024,21
111,Erratic,13,202501,2025,21
111,Erratic,14,202502,2025,19
111,Erratic,15,202503,2025,22
111,Erratic,16,202504,2025,23
111,Erratic,17,202505,2025,16
111,Erratic,18,202506,2025,24
111,Erratic,19,202507,2025,20
111,Erratic,20,202508,2025,21
111,Erratic,21,202509,2025,16
111,Erratic,22,202510,2025,18
111,Erratic,23,202511,2025,20
111,Erratic,24,202512,2025,18
111,Erratic,25,202601,2026,21
111,Erratic,26,202602,2026,21
111,Erratic,27,202603,2026,19
111,Erratic,28,202604,2026,23
111,Erratic,29,202605,2026,21
111,Erratic,30,202606,2026,20
111,Erratic,31,202607,2026,18
111,Erratic,32,202608,2026,18
111,Erratic,33,202609,2026,19
111,Erratic,34,202610,2026,19
111,Erratic,35,202611,2026,21
111,Erratic,36,202612,2026,23
112,Erratic,1,202401,2024,25
112,Erratic,2,202402,2024,25
112,Erratic,3,202403,2024,20
112,Erratic,4,202404,2024,24
112,Erratic,5,202405,2024,23
112,Erratic,6,202406,2024,23
112,Erratic,7,202407,2024,21
112,Erratic,8,202408,2024,0
112,Erratic,9,202409,2024,18
112,Erratic,10,202410,2024,19
112,Erratic,11,202411,2024,20
112,Erratic,12,202412,2024,20
112,Erratic,13,202501,2025,24
112,Erratic,14,202502,2025,19
112,Erratic,15,202503,2025,22
112,Erratic,16,202504,2025,26
112,Erratic,17,202505,2025,24
112,Erratic,18,202506,2025,22
112,Erratic,19,202507,2025,24
112,Erratic,20,202508,2025,22
112,Erratic,21,202509,2025,23
112,Erratic,22,202510,2025,23
112,Erratic,23,202511,2025,22
112,Erratic,24,202512,2025,22
112,Erratic,25,202601,2026,21
112,Erratic,26,202602,2026,22
112,Erratic,27,202603,2026,23
112,Erratic,28,202604,2026,29
112,Erratic,29,202605,2026,25
112,Erratic,30,202606,2026,24
112,Erratic,31,202607,2026,24
112,Erratic,32,202608,2026,21
112,Erratic,33,202609,2026,21
112,Erratic,34,202610,2026,18
112,Erratic,35,202611,2026,25
112,Erratic,36,202612,2026,22
113,Erratic,1,202401,2024,13
113,Erratic,2,202402,2024,14
113,Erratic,3,202403,2024,14
113,Erratic,4,202404,2024,15
113,Erratic,5,202405,2024,15
113,Erratic,6,202406,2024,15
113,Erratic,7,202407,2024,0
113,Erratic,8,202408,2024,12
113,Erratic,9,202409,2024,12
113,Erratic,10,202410,2024,13
113,Erratic,11,202411,2024,14
113,Erratic,12,202412,2024,11
113,Erratic,13,202501,2025,13
113,Erratic,14,202502,2025,14
113,Erratic,15,202503,2025,17
113,Erratic,16,202504,2025,13
113,Erratic,17,202505,2025,15
113,Erratic,18,202506,2025,15
113,Erratic,19,202507,2025,14
113,Erratic,20,202508,2025,14
113,Erratic,21,202509,2025,14
113,Erratic,22,202510,2025,15
113,Erratic,23,202511,2025,14
113,Erratic,24,202512,2025,16
113,Erratic,25,202601,2026,14
113,Erratic,26,202602,2026,0
113,Erratic,27,202603,2026,14
113,Erratic,28,202604,2026,14
113,Erratic,29,202605,2026,16
113,Erratic,30,202606,2026,13
113,Erratic,31,202607,2026,15
113,Erratic,32,202608,2026,16
113,Erratic,33,202609,2026,14
113,Erratic,34,202610,2026,15
113,Erratic,35,202611,2026,17
113,Erratic,36,202612,2026,17
114,Erratic,1,202401,2024,12
114,Erratic,2,202402,2024,16
114,Erratic,3,202403,2024,13
114,Erratic,4,202404,2024,14
114,Erratic,5,202405,2024,15
114,Erratic,6,202406,2024,15
114,Erratic,7,202407,2024,11
114,Erratic,8,202408,2024,11
114,Erratic,9,202409,2024,11
114,Erratic,10,202410,2024,15
114,Erratic,11,202411,2024,0
114,Erratic,12,202412,2024,0
114,Erratic,13,202501,2025,15
114,Erratic,14,202502,2025,13
114,Erratic,15,202503,2025,12
114,Erratic,16,202504,2025,15
114,Erratic,17,202505,2025,15
114,Erratic,18,202506,2025,12
114,Erratic,19,202507,2025,13
114,Erratic,20,202508,2025,14
114,Erratic,21,202509,2025,14
114,Erratic,22,202510,2025,13
114,Erratic,23,202511,2025,12
114,Erratic,24,202512,2025,13
114,Erratic,25,202601,2026,13
114,Erratic,26,202602,2026,15
114,Erratic,27,202603,2026,14
114,Erratic,28,202604,2026,14
114,Erratic,29,202605,2026,15
114,Erratic,30,202606,2026,15
114,Erratic,31,202607,2026,14
114,Erratic,32,202608,2026,11
114,Erratic,33,202609,2026,11
114,Erratic,34,202610,2026,0
114,Erratic,35,202611,2026,15
114,Erratic,36,202612,2026,13
115,Erratic,1,202401,2024,21
115,Erratic,2,202402,2024,20
115,Erratic,3,202403,2024,26
115,Erratic,4,202404,2024,25
115,Erratic,5,202405,2024,19
115,Erratic,6,202406,2024,19
115,Erratic,7,202407,2024,20
115,Erratic,8,202408,2024,19
115,Erratic,9,202409,2024,18
115,Erratic,10,202410,2024,19
115,Erratic,11,202411,2024,20
115,Erratic,12,202412,2024,21
115,Erratic,13,202501,2025,24
115,Erratic,14,202502,2025,19
115,Erratic,15,202503,2025,0
115,Erratic,16,202504,2025,22
115,Erratic,17,202505,2025,22
115,Erratic,18,202506,2025,18
115,Erratic,19,202507,2025,22
115,Erratic,20,202508,2025,19
115,Erratic,21,202509,2025,18
115,Erratic,22,202510,2025,20
115,Erratic,23,202511,2025,20
115,Erratic,24,202512,2025,21
115,Erratic,25,202601,2026,23
115,Erratic,26,202602,2026,25
115,Erratic,27,202603,2026,0
115,Erratic,28,202604,2026,23
115,Erratic,29,202605,2026,18
115,Erratic,30,202606,2026,0
115,Erratic,31,202607,2026,17
115,Erratic,32,202608,2026,20
115,Erratic,33,202609,2026,14
115,Erratic,34,202610,2026,20
115,Erratic,35,202611,2026,21
115,Erratic,36,202612,2026,20
116,Erratic,1,202401,2024,28
116,Erratic,2,202402,2024,24
116,Erratic,3,202403,2024,27
116,Erratic,4,202404,2024,18
116,Erratic,5,202405,2024,22
116,Erratic,6,202406,2024,21
116,Erratic,7,202407,2024,23
116,Erratic,8,202408,2024,22
116,Erratic,9,202409,2024,19
116,Erratic,10,202410,2024,19
116,Erratic,11,202411,2024,20
116,Erratic,12,202412,2024,21
116,Erratic,13,202501,2025,25
116,Erratic,14,202502,2025,26
116,Erratic,15,202503,2025,26
116,Erratic,16,202504,2025,28
116,Erratic,17,202505,2025,27
116,Erratic,18,202506,2025,26
116,Erratic,19,202507,2025,23
116,Erratic,20,202508,2025,21
116,Erratic,21,202509,2025,16
116,Erratic,22,202510,2025,22
116,Erratic,23,202511,2025,25
116,Erratic,24,202512,2025,23
116,Erratic,25,202601,2026,26
116,Erratic,26,202602,2026,26
116,Erratic,27,202603,2026,26
116,Erratic,28,202604,2026,26
116,Erratic,29,202605,2026,0
116,Erratic,30,202606,2026,23
116,Erratic,31,202607,2026,27
116,Erratic,32,202608,2026,22
116,Erratic,33,202609,2026,19
116,Erratic,34,202610,2026,23
116,Erratic,35,202611,2026,22
116,Erratic,36,202612,2026,24
117,Erratic,1,202401,2024,23
117,Erratic,2,202402,2024,27
117,Erratic,3,202403,2024,0
117,Erratic,4,202404,2024,24
117,Erratic,5,202405,2024,23
117,Erratic,6,202406,2024,21
117,Erratic,7,202407,2024,24
117,Erratic,8,202408,2024,22
117,Erratic,9,202409,2024,20
117,Erratic,10,202410,2024,21
117,Erratic,11,202411,2024,21
117,Erratic,12,202412,2024,25
117,Erratic,13,202501,2025,23
117,Erratic,14,202502,2025,24
117,Erratic,15,202503,2025,24
117,Erratic,16,202504,2025,28
117,Erratic,17,202505,2025,28
117,Erratic,18,202506,2025,24
117,Erratic,19,202507,2025,18
117,Erratic,20,202508,2025,22
117,Erratic,21,202509,2025,20
117,Erratic,22,202510,2025,20
117,Erratic,23,202511,2025,23
117,Erratic,24,202512,2025,20
117,Erratic,25,202601,2026,24
117,Erratic,26,202602,2026,0
117,Erratic,27,202603,2026,28
117,Erratic,28,202604,2026,28
117,Erratic,29,202605,2026,21
117,Erratic,30,202606,2026,20
117,Erratic,31,202607,2026,24
117,Erratic,32,202608,2026,26
117,Erratic,33,202609,2026,18
117,Erratic,34,202610,2026,21
117,Erratic,35,202611,2026,22
117,Erratic,36,202612,2026,19
118,Erratic,1,202401,2024,14
118,Erratic,2,202402,2024,0
118,Erratic,3,202403,2024,14
118,Erratic,4,202404,2024,12
118,Erratic,5,202405,2024,11
118,Erratic,6,202406,2024,12
118,Erratic,7,202407,2024,14
118,Erratic,8,202408,2024,14
118,Erratic,9,202409,2024,11
118,Erratic,10,202410,2024,12
118,Erratic,11,202411,2024,12
118,Erratic,12,202412,2024,13
118,Erratic,13,202501,2025,13
118,Erratic,14,202502,2025,11
118,Erratic,15,202503,2025,13
118,Erratic,16,202504,2025,14
118,Erratic,17,202505,2025,12
118,Erratic,18,202506,2025,14
118,Erratic,19,202507,2025,17
118,Erratic,20,202508,2025,12
118,Erratic,21,202509,2025,13
118,Erratic,22,202510,2025,14
118,Erratic,23,202511,2025,14
118,Erratic,24,202512,2025,16
118,Erratic,25,202601,2026,14
118,Erratic,26,202602,2026,17
118,Erratic,27,202603,2026,14
118,Erratic,28,202604,2026,13
118,Erratic,29,202605,2026,15
118,Erratic,30,202606,2026,13
118,Erratic,31,202607,2026,12
118,Erratic,32,202608,2026,15
118,Erratic,33,202609,2026,11
118,Erratic,34,202610,2026,13
118,Erratic,35,202611,2026,16
118,Erratic,36,202612,2026,12
119,Erratic,1,202401,2024,15
119,Erratic,2,202402,2024,15
119,Erratic,3,202403,2024,17
119,Erratic,4,202404,2024,16
119,Erratic,5,202405,2024,14
119,Erratic,6,202406,2024,14
119,Erratic,7,202407,2024,15
119,Erratic,8,202408,2024,12
119,Erratic,9,202409,2024,13
119,Erratic,10,202410,2024,16
119,Erratic,11,202411,2024,12
119,Erratic,12,202412,2024,13
119,Erratic,13,202501,2025,17
119,Erratic,14,202502,2025,16
119,Erratic,15,202503,2025,15
119,Erratic,16,202504,2025,16
119,Erratic,17,202505,2025,13
119,Erratic,18,202506,2025,13
119,Erratic,19,202507,2025,13
119,Erratic,20,202508,2025,14
119,Erratic,21,202509,2025,13
119,Erratic,22,202510,2025,12
119,Erratic,23,202511,2025,16
119,Erratic,24,202512,2025,14
119,Erratic,25,202601,2026,0
119,Erratic,26,202602,2026,14
119,Erratic,27,202603,2026,15
119,Erratic,28,202604,2026,13
119,Erratic,29,202605,2026,16
119,Erratic,30,202606,2026,17
119,Erratic,31,202607,2026,14
119,Erratic,32,202608,2026,16
119,Erratic,33,202609,2026,14
119,Erratic,34,202610,2026,16
119,Erratic,35,202611,2026,13
119,Erratic,36,202612,2026,18
120,Erratic,1,202401,2024,23
120,Erratic,2,202402,2024,20
120,Erratic,3,202403,2024,24
120,Erratic,4,202404,2024,22
120,Erratic,5,202405,2024,26
120,Erratic,6,202406,2024,21
120,Erratic,7,202407,2024,19
120,Erratic,8,202408,2024,18
120,Erratic,9,202409,2024,18
120,Erratic,10,202410,2024,17
120,Erratic,11,202411,2024,22
120,Erratic,12,202412,2024,0
120,Erratic,13,202501,2025,22
120,Erratic,14,202502,2025,24
120,Erratic,15,202503,2025,20
120,Erratic,16,202504,2025,22
120,Erratic,17,202505,2025,0
120,Erratic,18,202506,2025,23
120,Erratic,19,202507,2025,20
120,Erratic,20,202508,2025,17
120,Erratic,21,202509,2025,19
120,Erratic,22,202510,2025,19
120,Erratic,23,202511,2025,20
120,Erratic,24,202512,2025,24
120,Erratic,25,202601,2026,19
120,Erratic,26,202602,2026,24
120,Erratic,27,202603,2026,23
120,Erratic,28,202604,2026,27
120,Erratic,29,202605,2026,25
120,Erratic,30,202606,2026,25
120,Erratic,31,202607,2026,23
120,Erratic,32,202608,2026,21
120,Erratic,33,202609,2026,23
120,Erratic,34,202610,2026,20
120,Erratic,35,202611,2026,20
120,Erratic,36,202612,2026,23
121,Erratic,1,202401,2024,0
121,Erratic,2,202402,2024,0
121,Erratic,3,202403,2024,14
121,Erratic,4,202404,2024,15
121,Erratic,5,202405,2024,17
121,Erratic,6,202406,2024,15
121,Erratic,7,202407,2024,12
121,Erratic,8,202408,2024,13
121,Erratic,9,202409,2024,13
121,Erratic,10,202410,2024,16
121,Erratic,11,202411,2024,14
121,Erratic,12,202412,2024,14
121,Erratic,13,202501,2025,17
121,Erratic,14,202502,2025,14
121,Erratic,15,202503,2025,14
121,Erratic,16,202504,2025,12
121,Erratic,17,202505,2025,14
121,Erratic,18,202506,2025,14
121,Erratic,19,202507,2025,12
121,Erratic,20,202508,2025,14
121,Erratic,21,202509,2025,15
121,Erratic,22,202510,2025,13
121,Erratic,23,202511,2025,15
121,Erratic,24,202512,2025,14
121,Erratic,25,202601,2026,15
121,Erratic,26,202602,2026,19
121,Erratic,27,202603,2026,15
121,Erratic,28,202604,2026,18
121,Erratic,29,202605,2026,15
121,Erratic,30,202606,2026,15
121,Erratic,31,202607,2026,11
121,Erratic,32,202608,2026,13
121,Erratic,33,202609,2026,13
121,Erratic,34,202610,2026,13
121,Erratic,35,202611,2026,13
121,Erratic,36,202612,2026,13
122,Erratic,1,202401,2024,17
122,Erratic,2,202402,2024,17
122,Erratic,3,202403,2024,0
122,Erratic,4,202404,2024,16
122,Erratic,5,202405,2024,18
122,Erratic,6,202406,2024,17
122,Erratic,7,202407,2024,14
122,Erratic,8,202408,2024,16
122,Erratic,9,202409,2024,17
122,Erratic,10,202410,2024,14
122,Erratic,11,202411,2024,20
122,Erratic,12,202412,2024,16
122,Erratic,13,202501,2025,17
122,Erratic,14,202502,2025,19
122,Erratic,15,202503,2025,19
122,Erratic,16,202504,2025,20
122,Erratic,17,202505,2025,17
122,Erratic,18,202506,2025,18
122,Erratic,19,202507,2025,18
122,Erratic,20,202508,2025,18
122,Erratic,21,202509,2025,15
122,Erratic,22,202510,2025,16
122,Erratic,23,202511,2025,17
122,Erratic,24,202512,2025,19
122,Erratic,25,202601,2026,19
122,Erratic,26,202602,2026,17
122,Erratic,27,202603,2026,21
122,Erratic,28,202604,2026,21
122,Erratic,29,202605,2026,23
122,Erratic,30,202606,2026,19
122,Erratic,31,202607,2026,21
122,Erratic,32,202608,2026,18
122,Erratic,33,202609,2026,16
122,Erratic,34,202610,2026,18
122,Erratic,35,202611,2026,18
122,Erratic,36,202612,2026,18
123,Erratic,1,202401,2024,17
123,Erratic,2,202402,2024,0
123,Erratic,3,202403,2024,16
123,Erratic,4,202404,2024,18
123,Erratic,5,202405,2024,15
123,Erratic,6,202406,2024,15
123,Erratic,7,202407,2024,17
123,Erratic,8,202408,2024,14
123,Erratic,9,202409,2024,13
123,Erratic,10,202410,2024,12
123,Erratic,11,202411,2024,16
123,Erratic,12,202412,2024,14
123,Erratic,13,202501,2025,15
123,Erratic,14,202502,2025,20
123,Erratic,15,202503,2025,17
123,Erratic,16,202504,2025,17
123,Erratic,17,202505,2025,16
123,Erratic,18,202506,2025,17
123,Erratic,19,202507,2025,15
123,Erratic,20,202508,2025,14
123,Erratic,21,202509,2025,14
123,Erratic,22,202510,2025,12
123,Erratic,23,202511,2025,15
123,Erratic,24,202512,2025,0
123,Erratic,25,202601,2026,0
123,Erratic,26,202602,2026,16
123,Erratic,27,202603,2026,18
123,Erratic,28,202604,2026,18
123,Erratic,29,202605,2026,16
123,Erratic,30,202606,2026,19
123,Erratic,31,202607,2026,17
123,Erratic,32,202608,2026,16
123,Erratic,33,202609,2026,18
123,Erratic,34,202610,2026,16
123,Erratic,35,202611,2026,18
123,Erratic,36,202612,2026,20
124,Erratic,1,202401,2024,15
124,Erratic,2,202402,2024,16
124,Erratic,3,202403,2024,18
124,Erratic,4,202404,2024,20
124,Erratic,5,202405,2024,18
124,Erratic,6,202406,2024,15
124,Erratic,7,202407,2024,15
124,Erratic,8,202408,2024,15
124,Erratic,9,202409,2024,0
124,Erratic,10,202410,2024,15
124,Erratic,11,202411,2024,15
124,Erratic,12,202412,2024,18
124,Erratic,13,202501,2025,19
124,Erratic,14,202502,2025,18
124,Erratic,15,202503,2025,22
124,Erratic,16,202504,2025,17
124,Erratic,17,202505,2025,20
124,Erratic,18,202506,2025,18
124,Erratic,19,202507,2025,17
124,Erratic,20,202508,2025,13
124,Erratic,21,202509,2025,13
124,Erratic,22,202510,2025,17
124,Erratic,23,202511,2025,15
124,Erratic,24,202512,2025,18
124,Erratic,25,202601,2026,17
124,Erratic,26,202602,2026,15
124,Erratic,27,202603,2026,20
124,Erratic,28,202604,2026,16
124,Erratic,29,202605,2026,18
124,Erratic,30,202606,2026,20
124,Erratic,31,202607,2026,15
124,Erratic,32,202608,2026,16
124,Erratic,33,202609,2026,17
124,Erratic,34,202610,2026,16
124,Erratic,35,202611,2026,19
124,Erratic,36,202612,2026,21
125,Erratic,1,202401,2024,19
125,Erratic,2,202402,2024,17
125,Erratic,3,202403,2024,18
125,Erratic,4,202404,2024,17
125,Erratic,5,202405,2024,17
125,Erratic,6,202406,2024,16
125,Erratic,7,202407,2024,15
125,Erratic,8,202408,2024,16
125,Erratic,9,202409,2024,14
125,Erratic,10,202410,2024,16
125,Erratic,11,202411,2024,16
125,Erratic,12,202412,2024,16
125,Erratic,13,202501,2025,19
125,Erratic,14,202502,2025,17
125,Erratic,15,202503,2025,18
125,Erratic,16,202504,2025,22
125,Erratic,17,202505,2025,19
125,Erratic,18,202506,2025,17
125,Erratic,19,202507,2025,16
125,Erratic,20,202508,2025,16
125,Erratic,21,202509,2025,15
125,Erratic,22,202510,2025,15
125,Erratic,23,202511,2025,18
125,Erratic,24,202512,2025,18
125,Erratic,25,202601,2026,16
125,Erratic,26,202602,2026,18
125,Erratic,27,202603,2026,18
125,Erratic,28,202604,2026,13
125,Erratic,29,202605,2026,20
125,Erratic,30,202606,2026,18
125,Erratic,31,202607,2026,20
125,Erratic,32,202608,2026,16
125,Erratic,33,202609,2026,16
125,Erratic,34,202610,2026,17
125,Erratic,35,202611,2026,17
125,Erratic,36,202612,2026,20
126,Erratic,1,202401,2024,21
126,Erratic,2,202402,2024,24
126,Erratic,3,202403,2024,27
126,Erratic,4,202404,2024,21
126,Erratic,5,202405,2024,25
126,Erratic,6,202406,2024,26
126,Erratic,7,202407,2024,20
126,Erratic,8,202408,2024,20
126,Erratic,9,202409,2024,17
126,Erratic,10,202410,2024,18
126,Erratic,11,202411,2024,21
126,Erratic,12,202412,2024,21
126,Erratic,13,202501,2025,27
126,Erratic,14,202502,2025,19
126,Erratic,15,202503,2025,25
126,Erratic,16,202504,2025,26
126,Erratic,17,202505,2025,26
126,Erratic,18,202506,2025,21
126,Erratic,19,202507,2025,21
126,Erratic,20,202508,2025,21
126,Erratic,21,202509,2025,20
126,Erratic,22,202510,2025,19
126,Erratic,23,202511,2025,24
126,Erratic,24,202512,2025,25
126,Erratic,25,202601,2026,21
126,Erratic,26,202602,2026,25
126,Erratic,27,202603,2026,26
126,Erratic,28,202604,2026,24
126,Erratic,29,202605,2026,24
126,Erratic,30,202606,2026,27
126,Erratic,31,202607,2026,23
126,Erratic,32,202608,2026,22
126,Erratic,33,202609,2026,20
126,Erratic,34,202610,2026,25
126,Erratic,35,202611,2026,22
126,Erratic,36,202612,2026,23
127,Erratic,1,202401,2024,18
127,Erratic,2,202402,2024,16
127,Erratic,3,202403,2024,19
127,Erratic,4,202404,2024,19
127,Erratic,5,202405,2024,15
127,Erratic,6,202406,2024,18
127,Erratic,7,202407,2024,16
127,Erratic,8,202408,2024,13
127,Erratic,9,202409,2024,0
127,Erratic,10,202410,2024,14
127,Erratic,11,202411,2024,17
127,Erratic,12,202412,2024,19
127,Erratic,13,202501,2025,15
127,Erratic,14,202502,2025,20
127,Erratic,15,202503,2025,17
127,Erratic,16,202504,2025,18
127,Erratic,17,202505,2025,15
127,Erratic,18,202506,2025,18
127,Erratic,19,202507,2025,16
127,Erratic,20,202508,2025,14
127,Erratic,21,202509,2025,17
127,Erratic,22,202510,2025,14
127,Erratic,23,202511,2025,15
127,Erratic,24,202512,2025,17
127,Erratic,25,202601,2026,20
127,Erratic,26,202602,2026,14
127,Erratic,27,202603,2026,16
127,Erratic,28,202604,2026,15
127,Erratic,29,202605,2026,17
127,Erratic,30,202606,2026,0
127,Erratic,31,202607,2026,17
127,Erratic,32,202608,2026,14
127,Erratic,33,202609,2026,14
127,Erratic,34,202610,2026,16
127,Erratic,35,202611,2026,16
127,Erratic,36,202612,2026,18
128,Erratic,1,202401,2024,18
128,Erratic,2,202402,2024,19
128,Erratic,3,202403,2024,17
128,Erratic,4,202404,2024,0
128,Erratic,5,202405,2024,18
128,Erratic,6,202406,2024,18
128,Erratic,7,202407,2024,16
128,Erratic,8,202408,2024,17
128,Erratic,9,202409,2024,17
128,Erratic,10,202410,2024,14
128,Erratic,11,202411,2024,15
128,Erratic,12,202412,2024,17
128,Erratic,13,202501,2025,18
128,Erratic,14,202502,2025,17
128,Erratic,15,202503,2025,22
128,Erratic,16,202504,2025,23
128,Erratic,17,202505,2025,15
128,Erratic,18,202506,2025,19
128,Erratic,19,202507,2025,16
128,Erratic,20,202508,2025,20
128,Erratic,21,202509,2025,18
128,Erratic,22,202510,2025,16
128,Erratic,23,202511,2025,19
128,Erratic,24,202512,2025,19
128,Erratic,25,202601,2026,19
128,Erratic,26,202602,2026,19
128,Erratic,27,202603,2026,17
128,Erratic,28,202604,2026,19
128,Erratic,29,202605,2026,17
128,Erratic,30,202606,2026,15
128,Erratic,31,202607,2026,17
128,Erratic,32,202608,2026,15
128,Erratic,33,202609,2026,19
128,Erratic,34,202610,2026,18
128,Erratic,35,202611,2026,20
128,Erratic,36,202612,2026,22
129,Erratic,1,202401,2024,18
129,Erratic,2,202402,2024,19
129,Erratic,3,202403,2024,20
129,Erratic,4,202404,2024,19
129,Erratic,5,202405,2024,17
129,Erratic,6,202406,2024,13
129,Erratic,7,202407,2024,17
129,Erratic,8,202408,2024,18
129,Erratic,9,202409,2024,16
129,Erratic,10,202410,2024,16
129,Erratic,11,202411,2024,19
129,Erratic,12,202412,2024,19
129,Erratic,13,202501,2025,17
129,Erratic,14,202502,2025,18
129,Erratic,15,202503,2025,17
129,Erratic,16,202504,2025,22
129,Erratic,17,202505,2025,19
129,Erratic,18,202506,2025,16
129,Erratic,19,202507,2025,0
129,Erratic,20,202508,2025,17
129,Erratic,21,202509,2025,13
129,Erratic,22,202510,2025,17
129,Erratic,23,202511,2025,19
129,Erratic,24,202512,2025,19
129,Erratic,25,202601,2026,0
129,Erratic,26,202602,2026,18
129,Erratic,27,202603,2026,16
129,Erratic,28,202604,2026,17
129,Erratic,29,202605,2026,18
129,Erratic,30,202606,2026,0
129,Erratic,31,202607,2026,12
129,Erratic,32,202608,2026,17
129,Erratic,33,202609,2026,15
129,Erratic,34,202610,2026,18
129,Erratic,35,202611,2026,14
129,Erratic,36,202612,2026,17
130,Erratic,1,202401,2024,13
130,Erratic,2,202402,2024,14
130,Erratic,3,202403,2024,14
130,Erratic,4,202404,2024,14
130,Erratic,5,202405,2024,14
130,Erratic,6,202406,2024,17
130,Erratic,7,202407,2024,15
130,Erratic,8,202408,2024,13
130,Erratic,9,202409,2024,12
130,Erratic,10,202410,2024,14
130,Erratic,11,202411,2024,14
130,Erratic,12,202412,2024,14
130,Erratic,13,202501,2025,14
130,Erratic,14,202502,2025,0
130,Erratic,15,202503,2025,18
130,Erratic,16,202504,2025,15
130,Erratic,17,202505,2025,14
130,Erratic,18,202506,2025,18
130,Erratic,19,202507,2025,14
130,Erratic,20,202508,2025,14
130,Erratic,21,202509,2025,15
130,Erratic,22,202510,2025,10
130,Erratic,23,202511,2025,15
130,Erratic,24,202512,2025,17
130,Erratic,25,202601,2026,16
130,Erratic,26,202602,2026,15
130,Erratic,27,202603,2026,19
130,Erratic,28,202604,2026,12
130,Erratic,29,202605,2026,14
130,Erratic,30,202606,2026,16
130,Erratic,31,202607,2026,15
130,Erratic,32,202608,2026,12
130,Erratic,33,202609,2026,16
130,Erratic,34,202610,2026,15
130,Erratic,35,202611,2026,17
130,Erratic,36,202612,2026,15
131,Erratic,1,202401,2024,0
131,Erratic,2,202402,2024,15
131,Erratic,3,202403,2024,15
131,Erratic,4,202404,2024,15
131,Erratic,5,202405,2024,16
131,Erratic,6,202406,2024,15
131,Erratic,7,202407,2024,12
131,Erratic,8,202408,2024,15
131,Erratic,9,202409,2024,16
131,Erratic,10,202410,2024,15
131,Erratic,11,202411,2024,15
131,Erratic,12,202412,2024,16
131,Erratic,13,202501,2025,16
131,Erratic,14,202502,2025,19
131,Erratic,15,202503,2025,16
131,Erratic,16,202504,2025,0
131,Erratic,17,202505,2025,18
131,Erratic,18,202506,2025,17
131,Erratic,19,202507,2025,14
131,Erratic,20,202508,2025,11
131,Erratic,21,202509,2025,14
131,Erratic,22,202510,2025,17
131,Erratic,23,202511,2025,17
131,Erratic,24,202512,2025,16
131,Erratic,25,202601,2026,19
131,Erratic,26,202602,2026,19
131,Erratic,27,202603,2026,18
131,Erratic,28,202604,2026,18
131,Erratic,29,202605,2026,17
131,Erratic,30,202606,2026,17
131,Erratic,31,202607,2026,19
131,Erratic,32,202608,2026,16
131,Erratic,33,202609,2026,17
131,Erratic,34,202610,2026,18
131,Erratic,35,202611,2026,16
131,Erratic,36,202612,2026,17
132,Erratic,1,202401,2024,14
132,Erratic,2,202402,2024,13
132,Erratic,3,202403,2024,12
132,Erratic,4,202404,2024,15
132,Erratic,5,202405,2024,14
132,Erratic,6,202406,2024,15
132,Erratic,7,202407,2024,14
132,Erratic,8,202408,2024,13
132,Erratic,9,202409,2024,12
132,Erratic,10,202410,2024,12
132,Erratic,11,202411,2024,12
132,Erratic,12,202412,2024,13
132,Erratic,13,202501,2025,12
132,Erratic,14,202502,2025,14
132,Erratic,15,202503,2025,0
132,Erratic,16,202504,2025,15
132,Erratic,17,202505,2025,16
132,Erratic,18,202506,2025,12
132,Erratic,19,202507,2025,13
132,Erratic,20,202508,2025,13
132,Erratic,21,202509,2025,11
132,Erratic,22,202510,2025,10
132,Erratic,23,202511,2025,14
132,Erratic,24,202512,2025,13
132,Erratic,25,202601,2026,12
132,Erratic,26,202602,2026,14
132,Erratic,27,202603,2026,15
132,Erratic,28,202604,2026,15
132,Erratic,29,202605,2026,17
132,Erratic,30,202606,2026,14
132,Erratic,31,202607,2026,13
132,Erratic,32,202608,2026,0
132,Erratic,33,202609,2026,13
132,Erratic,34,202610,2026,15
132,Erratic,35,202611,2026,13
132,Erratic,36,202612,2026,16
133,Intermittent,1,202401,2024,11
133,Intermittent,2,202402,2024,10
133,Intermittent,3,202403,2024,13
133,Intermittent,4,202404,2024,11
133,Intermittent,5,202405,2024,10
133,Intermittent,6,202406,2024,12
133,Intermittent,7,202407,2024,11
133,Intermittent,8,202408,2024,9
133,Intermittent,9,202409,2024,0
133,Intermittent,10,202410,2024,0
133,Intermittent,11,202411,2024,11
133,Intermittent,12,202412,2024,12
133,Intermittent,13,202501,2025,9
133,Intermittent,14,202502,2025,13
133,Intermittent,15,202503,2025,11
133,Intermittent,16,202504,2025,0
133,Intermittent,17,202505,2025,12
133,Intermittent,18,202506,2025,0
133,Intermittent,19,202507,2025,11
133,Intermittent,20,202508,2025,10
133,Intermittent,21,202509,2025,11
133,Intermittent,22,202510,2025,10
133,Intermittent,23,202511,2025,11
133,Intermittent,24,202512,2025,10
133,Intermittent,25,202601,2026,10
133,Intermittent,26,202602,2026,12
133,Intermittent,27,202603,2026,0
133,Intermittent,28,202604,2026,14
133,Intermittent,29,202605,2026,12
133,Intermittent,30,202606,2026,0
133,Intermittent,31,202607,2026,11
133,Intermittent,32,202608,2026,0
133,Intermittent,33,202609,2026,10
133,Intermittent,34,202610,2026,12
133,Intermittent,35,202611,2026,13
133,Intermittent,36,202612,2026,12
134,Intermittent,1,202401,2024,12
134,Intermittent,2,202402,2024,12
134,Intermittent,3,202403,2024,0
134,Intermittent,4,202404,2024,12
134,Intermittent,5,202405,2024,13
134,Intermittent,6,202406,2024,0
134,Intermittent,7,202407,2024,0
134,Intermittent,8,202408,2024,12
134,Intermittent,9,202409,2024,0
134,Intermittent,10,202410,2024,0
134,Intermittent,11,202411,2024,0
134,Intermittent,12,202412,2024,12
134,Intermittent,13,202501,2025,11
134,Intermittent,14,202502,2025,0
134,Intermittent,15,202503,2025,13
134,Intermittent,16,202504,2025,12
134,Intermittent,17,202505,2025,13
134,Intermittent,18,202506,2025,11
134,Intermittent,19,202507,2025,0
134,Intermittent,20,202508,2025,10
134,Intermittent,21,202509,2025,13
134,Intermittent,22,202510,2025,12
134,Intermittent,23,202511,2025,12
134,Intermittent,24,202512,2025,0
134,Intermittent,25,202601,2026,13
134,Intermittent,26,202602,2026,12
134,Intermittent,27,202603,2026,14
134,Intermittent,28,202604,2026,0
134,Intermittent,29,202605,2026,11
134,Intermittent,30,202606,2026,12
134,Intermittent,31,202607,2026,12
134,Intermittent,32,202608,2026,12
134,Intermittent,33,202609,2026,12
134,Intermittent,34,202610,2026,12
134,Intermittent,35,202611,2026,11
134,Intermittent,36,202612,2026,12
135,Intermittent,1,202401,2024,13
135,Intermittent,2,202402,2024,14
135,Intermittent,3,202403,2024,0
135,Intermittent,4,202404,2024,15
135,Intermittent,5,202405,2024,15
135,Intermittent,6,202406,2024,13
135,Intermittent,7,202407,2024,0
135,Intermittent,8,202408,2024,0
135,Intermittent,9,202409,2024,12
135,Intermittent,10,202410,2024,11
135,Intermittent,11,202411,2024,12
135,Intermittent,12,202412,2024,11
135,Intermittent,13,202501,2025,13
135,Intermittent,14,202502,2025,14
135,Intermittent,15,202503,2025,12
135,Intermittent,16,202504,2025,14
135,Intermittent,17,202505,2025,14
135,Intermittent,18,202506,2025,13
135,Intermittent,19,202507,2025,15
135,Intermittent,20,202508,2025,0
135,Intermittent,21,202509,2025,12
135,Intermittent,22,202510,2025,15
135,Intermittent,23,202511,2025,14
135,Intermittent,24,202512,2025,0
135,Intermittent,25,202601,2026,14
135,Intermittent,26,202602,2026,15
135,Intermittent,27,202603,2026,0
135,Intermittent,28,202604,2026,15
135,Intermittent,29,202605,2026,16
135,Intermittent,30,202606,2026,14
135,Intermittent,31,202607,2026,13
135,Intermittent,32,202608,2026,13
135,Intermittent,33,202609,2026,0
135,Intermittent,34,202610,2026,15
135,Intermittent,35,202611,2026,13
135,Intermittent,36,202612,2026,13
136,Intermittent,1,202401,2024,12
136,Intermittent,2,202402,2024,11
136,Intermittent,3,202403,2024,12
136,Intermittent,4,202404,2024,0
136,Intermittent,5,202405,2024,11
136,Intermittent,6,202406,2024,12
136,Intermittent,7,202407,2024,10
136,Intermittent,8,202408,2024,0
136,Intermittent,9,202409,2024,12
136,Intermittent,10,202410,2024,0
136,Intermittent,11,202411,2024,11
136,Intermittent,12,202412,2024,0
136,Intermittent,13,202501,2025,13
136,Intermittent,14,202502,2025,11
136,Intermittent,15,202503,2025,13
136,Intermittent,16,202504,2025,12
136,Intermittent,17,202505,2025,13
136,Intermittent,18,202506,2025,12
136,Intermittent,19,202507,2025,12
136,Intermittent,20,202508,2025,13
136,Intermittent,21,202509,2025,11
136,Intermittent,22,202510,2025,11
136,Intermittent,23,202511,2025,13
136,Intermittent,24,202512,2025,13
136,Intermittent,25,202601,2026,13
136,Intermittent,26,202602,2026,13
136,Intermittent,27,202603,2026,0
136,Intermittent,28,202604,2026,12
136,Intermittent,29,202605,2026,0
136,Intermittent,30,202606,2026,12
136,Intermittent,31,202607,2026,0
136,Intermittent,32,202608,2026,0
136,Intermittent,33,202609,2026,11
136,Intermittent,34,202610,2026,11
136,Intermittent,35,202611,2026,13
136,Intermittent,36,202612,2026,15
137,Intermittent,1,202401,2024,13
137,Intermittent,2,202402,2024,14
137,Intermittent,3,202403,2024,13
137,Intermittent,4,202404,2024,14
137,Intermittent,5,202405,2024,12
137,Intermittent,6,202406,2024,0
137,Intermittent,7,202407,2024,12
137,Intermittent,8,202408,2024,12
137,Intermittent,9,202409,2024,13
137,Intermittent,10,202410,2024,12
137,Intermittent,11,202411,2024,14
137,Intermittent,12,202412,2024,14
137,Intermittent,13,202501,2025,16
137,Intermittent,14,202502,2025,0
137,Intermittent,15,202503,2025,14
137,Intermittent,16,202504,2025,14
137,Intermittent,17,202505,2025,0
137,Intermittent,18,202506,2025,14
137,Intermittent,19,202507,2025,11
137,Intermittent,20,202508,2025,0
137,Intermittent,21,202509,2025,14
137,Intermittent,22,202510,2025,0
137,Intermittent,23,202511,2025,13
137,Intermittent,24,202512,2025,14
137,Intermittent,25,202601,2026,15
137,Intermittent,26,202602,2026,14
137,Intermittent,27,202603,2026,15
137,Intermittent,28,202604,2026,0
137,Intermittent,29,202605,2026,14
137,Intermittent,30,202606,2026,14
137,Intermittent,31,202607,2026,15
137,Intermittent,32,202608,2026,12
137,Intermittent,33,202609,2026,15
137,Intermittent,34,202610,2026,13
137,Intermittent,35,202611,2026,15
137,Intermittent,36,202612,2026,0
138,Intermittent,1,202401,2024,9
138,Intermittent,2,202402,2024,11
138,Intermittent,3,202403,2024,9
138,Intermittent,4,202404,2024,9
138,Intermittent,5,202405,2024,10
138,Intermittent,6,202406,2024,0
138,Intermittent,7,202407,2024,10
138,Intermittent,8,202408,2024,8
138,Intermittent,9,202409,2024,9
138,Intermittent,10,202410,2024,0
138,Intermittent,11,202411,2024,0
138,Intermittent,12,202412,2024,10
138,Intermittent,13,202501,2025,10
138,Intermittent,14,202502,2025,11
138,Intermittent,15,202503,2025,10
138,Intermittent,16,202504,2025,11
138,Intermittent,17,202505,2025,10
138,Intermittent,18,202506,2025,10
138,Intermittent,19,202507,2025,10
138,Intermittent,20,202508,2025,9
138,Intermittent,21,202509,2025,0
138,Intermittent,22,202510,2025,10
138,Intermittent,23,202511,2025,11
138,Intermittent,24,202512,2025,11
138,Intermittent,25,202601,2026,0
138,Intermittent,26,202602,2026,11
138,Intermittent,27,202603,2026,11
138,Intermittent,28,202604,2026,11
138,Intermittent,29,202605,2026,11
138,Intermittent,30,202606,2026,10
138,Intermittent,31,202607,2026,10
138,Intermittent,32,202608,2026,10
138,Intermittent,33,202609,2026,10
138,Intermittent,34,202610,2026,10
138,Intermittent,35,202611,2026,11
138,Intermittent,36,202612,2026,11
139,Intermittent,1,202401,2024,0
139,Intermittent,2,202402,2024,13
139,Intermittent,3,202403,2024,12
139,Intermittent,4,202404,2024,14
139,Intermittent,5,202405,2024,14
139,Intermittent,6,202406,2024,0
139,Intermittent,7,202407,2024,12
139,Intermittent,8,202408,2024,13
139,Intermittent,9,202409,2024,12
139,Intermittent,10,202410,2024,12
139,Intermittent,11,202411,2024,12
139,Intermittent,12,202412,2024,14
139,Intermittent,13,202501,2025,0
139,Intermittent,14,202502,2025,11
139,Intermittent,15,202503,2025,0
139,Intermittent,16,202504,2025,11
139,Intermittent,17,202505,2025,13
139,Intermittent,18,202506,2025,12
139,Intermittent,19,202507,2025,13
139,Intermittent,20,202508,2025,14
139,Intermittent,21,202509,2025,13
139,Intermittent,22,202510,2025,13
139,Intermittent,23,202511,2025,14
139,Intermittent,24,202512,2025,13
139,Intermittent,25,202601,2026,13
139,Intermittent,26,202602,2026,14
139,Intermittent,27,202603,2026,0
139,Intermittent,28,202604,2026,13
139,Intermittent,29,202605,2026,14
139,Intermittent,30,202606,2026,0
139,Intermittent,31,202607,2026,12
139,Intermittent,32,202608,2026,13
139,Intermittent,33,202609,2026,12
139,Intermittent,34,202610,2026,12
139,Intermittent,35,202611,2026,14
139,Intermittent,36,202612,2026,13
140,Intermittent,1,202401,2024,14
140,Intermittent,2,202402,2024,0
140,Intermittent,3,202403,2024,0
140,Intermittent,4,202404,2024,14
140,Intermittent,5,202405,2024,16
140,Intermittent,6,202406,2024,15
140,Intermittent,7,202407,2024,0
140,Intermittent,8,202408,2024,12
140,Intermittent,9,202409,2024,12
140,Intermittent,10,202410,2024,13
140,Intermittent,11,202411,2024,12
140,Intermittent,12,202412,2024,13
140,Intermittent,13,202501,2025,12
140,Intermittent,14,202502,2025,14
140,Intermittent,15,202503,2025,15
140,Intermittent,16,202504,2025,14
140,Intermittent,17,202505,2025,15
140,Intermittent,18,202506,2025,14
140,Intermittent,19,202507,2025,14
140,Intermittent,20,202508,2025,16
140,Intermittent,21,202509,2025,12
140,Intermittent,22,202510,2025,13
140,Intermittent,23,202511,2025,13
140,Intermittent,24,202512,2025,15
140,Intermittent,25,202601,2026,15
140,Intermittent,26,202602,2026,12
140,Intermittent,27,202603,2026,14
140,Intermittent,28,202604,2026,13
140,Intermittent,29,202605,2026,14
140,Intermittent,30,202606,2026,0
140,Intermittent,31,202607,2026,12
140,Intermittent,32,202608,2026,13
140,Intermittent,33,202609,2026,14
140,Intermittent,34,202610,2026,15
140,Intermittent,35,202611,2026,16
140,Intermittent,36,202612,2026,15
141,Intermittent,1,202401,2024,0
141,Intermittent,2,202402,2024,16
141,Intermittent,3,202403,2024,17
141,Intermittent,4,202404,2024,16
141,Intermittent,5,202405,2024,18
141,Intermittent,6,202406,2024,17
141,Intermittent,7,202407,2024,17
141,Intermittent,8,202408,2024,15
141,Intermittent,9,202409,2024,14
141,Intermittent,10,202410,2024,16
141,Intermittent,11,202411,2024,17
141,Intermittent,12,202412,2024,17
141,Intermittent,13,202501,2025,15
141,Intermittent,14,202502,2025,17
141,Intermittent,15,202503,2025,17
141,Intermittent,16,202504,2025,17
141,Intermittent,17,202505,2025,16
141,Intermittent,18,202506,2025,15
141,Intermittent,19,202507,2025,17
141,Intermittent,20,202508,2025,0
141,Intermittent,21,202509,2025,17
141,Intermittent,22,202510,2025,17
141,Intermittent,23,202511,2025,15
141,Intermittent,24,202512,2025,0
141,Intermittent,25,202601,2026,0
141,Intermittent,26,202602,2026,18
141,Intermittent,27,202603,2026,18
141,Intermittent,28,202604,2026,18
141,Intermittent,29,202605,2026,17
141,Intermittent,30,202606,2026,15
141,Intermittent,31,202607,2026,18
141,Intermittent,32,202608,2026,0
141,Intermittent,33,202609,2026,15
141,Intermittent,34,202610,2026,0
141,Intermittent,35,202611,2026,18
141,Intermittent,36,202612,2026,17
142,Intermittent,1,202401,2024,12
142,Intermittent,2,202402,2024,12
142,Intermittent,3,202403,2024,0
142,Intermittent,4,202404,2024,11
142,Intermittent,5,202405,2024,0
142,Intermittent,6,202406,2024,12
142,Intermittent,7,202407,2024,13
142,Intermittent,8,202408,2024,11
142,Intermittent,9,202409,2024,11
142,Intermittent,10,202410,2024,12
142,Intermittent,11,202411,2024,0
142,Intermittent,12,202412,2024,12
142,Intermittent,13,202501,2025,0
142,Intermittent,14,202502,2025,13
142,Intermittent,15,202503,2025,12
142,Intermittent,16,202504,2025,12
142,Intermittent,17,202505,2025,13
142,Intermittent,18,202506,2025,12
142,Intermittent,19,202507,2025,0
142,Intermittent,20,202508,2025,0
142,Intermittent,21,202509,2025,11
142,Intermittent,22,202510,2025,11
142,Intermittent,23,202511,2025,0
142,Intermittent,24,202512,2025,11
142,Intermittent,25,202601,2026,12
142,Intermittent,26,202602,2026,13
142,Intermittent,27,202603,2026,11
142,Intermittent,28,202604,2026,13
142,Intermittent,29,202605,2026,12
142,Intermittent,30,202606,2026,13
142,Intermittent,31,202607,2026,11
142,Intermittent,32,202608,2026,13
142,Intermittent,33,202609,2026,14
142,Intermittent,34,202610,2026,12
142,Intermittent,35,202611,2026,0
142,Intermittent,36,202612,2026,13
143,Intermittent,1,202401,2024,12
143,Intermittent,2,202402,2024,12
143,Intermittent,3,202403,2024,13
143,Intermittent,4,202404,2024,13
143,Intermittent,5,202405,2024,13
143,Intermittent,6,202406,2024,0
143,Intermittent,7,202407,2024,11
143,Intermittent,8,202408,2024,12
143,Intermittent,9,202409,2024,13
143,Intermittent,10,202410,2024,0
143,Intermittent,11,202411,2024,12
143,Intermittent,12,202412,2024,13
143,Intermittent,13,202501,2025,14
143,Intermittent,14,202502,2025,13
143,Intermittent,15,202503,2025,12
143,Intermittent,16,202504,2025,14
143,Intermittent,17,202505,2025,13
143,Intermittent,18,202506,2025,13
143,Intermittent,19,202507,2025,0
143,Intermittent,20,202508,2025,11
143,Intermittent,21,202509,2025,10
143,Intermittent,22,202510,2025,12
143,Intermittent,23,202511,2025,12
143,Intermittent,24,202512,2025,0
143,Intermittent,25,202601,2026,11
143,Intermittent,26,202602,2026,0
143,Intermittent,27,202603,2026,13
143,Intermittent,28,202604,2026,13
143,Intermittent,29,202605,2026,12
143,Intermittent,30,202606,2026,12
143,Intermittent,31,202607,2026,0
143,Intermittent,32,202608,2026,12
143,Intermittent,33,202609,2026,12
143,Intermittent,34,202610,2026,13
143,Intermittent,35,202611,2026,0
143,Intermittent,36,202612,2026,13
144,Intermittent,1,202401,2024,13
144,Intermittent,2,202402,2024,12
144,Intermittent,3,202403,2024,0
144,Intermittent,4,202404,2024,13
144,Intermittent,5,202405,2024,11
144,Intermittent,6,202406,2024,0
144,Intermittent,7,202407,2024,12
144,Intermittent,8,202408,2024,0
144,Intermittent,9,202409,2024,11
144,Intermittent,10,202410,2024,13
144,Intermittent,11,202411,2024,11
144,Intermittent,12,202412,2024,11
144,Intermittent,13,202501,2025,14
144,Intermittent,14,202502,2025,15
144,Intermittent,15,202503,2025,14
144,Intermittent,16,202504,2025,0
144,Intermittent,17,202505,2025,11
144,Intermittent,18,202506,2025,14
144,Intermittent,19,202507,2025,12
144,Intermittent,20,202508,2025,12
144,Intermittent,21,202509,2025,0
144,Intermittent,22,202510,2025,10
144,Intermittent,23,202511,2025,13
144,Intermittent,24,202512,2025,11
144,Intermittent,25,202601,2026,0
144,Intermittent,26,202602,2026,12
144,Intermittent,27,202603,2026,14
144,Intermittent,28,202604,2026,15
144,Intermittent,29,202605,2026,0
144,Intermittent,30,202606,2026,11
144,Intermittent,31,202607,2026,12
144,Intermittent,32,202608,2026,12
144,Intermittent,33,202609,2026,11
144,Intermittent,34,202610,2026,11
144,Intermittent,35,202611,2026,13
144,Intermittent,36,202612,2026,14
145,Intermittent,1,202401,2024,0
145,Intermittent,2,202402,2024,13
145,Intermittent,3,202403,2024,16
145,Intermittent,4,202404,2024,15
145,Intermittent,5,202405,2024,13
145,Intermittent,6,202406,2024,13
145,Intermittent,7,202407,2024,13
145,Intermittent,8,202408,2024,13
145,Intermittent,9,202409,2024,14
145,Intermittent,10,202410,2024,14
145,Intermittent,11,202411,2024,14
145,Intermittent,12,202412,2024,15
145,Intermittent,13,202501,2025,16
145,Intermittent,14,202502,2025,15
145,Intermittent,15,202503,2025,15
145,Intermittent,16,202504,2025,0
145,Intermittent,17,202505,2025,13
145,Intermittent,18,202506,2025,0
145,Intermittent,19,202507,2025,14
145,Intermittent,20,202508,2025,12
145,Intermittent,21,202509,2025,11
145,Intermittent,22,202510,2025,0
145,Intermittent,23,202511,2025,12
145,Intermittent,24,202512,2025,15
145,Intermittent,25,202601,2026,18
145,Intermittent,26,202602,2026,0
145,Intermittent,27,202603,2026,16
145,Intermittent,28,202604,2026,15
145,Intermittent,29,202605,2026,13
145,Intermittent,30,202606,2026,14
145,Intermittent,31,202607,2026,16
145,Intermittent,32,202608,2026,13
145,Intermittent,33,202609,2026,14
145,Intermittent,34,202610,2026,13
145,Intermittent,35,202611,2026,14
145,Intermittent,36,202612,2026,12
146,Intermittent,1,202401,2024,13
146,Intermittent,2,202402,2024,0
146,Intermittent,3,202403,2024,14
146,Intermittent,4,202404,2024,12
146,Intermittent,5,202405,2024,13
146,Intermittent,6,202406,2024,13
146,Intermittent,7,202407,2024,12
146,Intermittent,8,202408,2024,11
146,Intermittent,9,202409,2024,11
146,Intermittent,10,202410,2024,13
146,Intermittent,11,202411,2024,12
146,Intermittent,12,202412,2024,0
146,Intermittent,13,202501,2025,0
146,Intermittent,14,202502,2025,13
146,Intermittent,15,202503,2025,14
146,Intermittent,16,202504,2025,14
146,Intermittent,17,202505,2025,14
146,Intermittent,18,202506,2025,11
146,Intermittent,19,202507,2025,14
146,Intermittent,20,202508,2025,12
146,Intermittent,21,202509,2025,13
146,Intermittent,22,202510,2025,12
146,Intermittent,23,202511,2025,13
146,Intermittent,24,202512,2025,10
146,Intermittent,25,202601,2026,12
146,Intermittent,26,202602,2026,0
146,Intermittent,27,202603,2026,15
146,Intermittent,28,202604,2026,0
146,Intermittent,29,202605,2026,0
146,Intermittent,30,202606,2026,14
146,Intermittent,31,202607,2026,13
146,Intermittent,32,202608,2026,13
146,Intermittent,33,202609,2026,11
146,Intermittent,34,202610,2026,12
146,Intermittent,35,202611,2026,14
146,Intermittent,36,202612,2026,0
147,Intermittent,1,202401,2024,17
147,Intermittent,2,202402,2024,15
147,Intermittent,3,202403,2024,16
147,Intermittent,4,202404,2024,14
147,Intermittent,5,202405,2024,0
147,Intermittent,6,202406,2024,0
147,Intermittent,7,202407,2024,16
147,Intermittent,8,202408,2024,15
147,Intermittent,9,202409,2024,12
147,Intermittent,10,202410,2024,13
147,Intermittent,11,202411,2024,14
147,Intermittent,12,202412,2024,13
147,Intermittent,13,202501,2025,16
147,Intermittent,14,202502,2025,0
147,Intermittent,15,202503,2025,17
147,Intermittent,16,202504,2025,16
147,Intermittent,17,202505,2025,14
147,Intermittent,18,202506,2025,15
147,Intermittent,19,202507,2025,17
147,Intermittent,20,202508,2025,14
147,Intermittent,21,202509,2025,14
147,Intermittent,22,202510,2025,0
147,Intermittent,23,202511,2025,14
147,Intermittent,24,202512,2025,0
147,Intermittent,25,202601,2026,17
147,Intermittent,26,202602,2026,15
147,Intermittent,27,202603,2026,16
147,Intermittent,28,202604,2026,0
147,Intermittent,29,202605,2026,15
147,Intermittent,30,202606,2026,16
147,Intermittent,31,202607,2026,0
147,Intermittent,32,202608,2026,14
147,Intermittent,33,202609,2026,13
147,Intermittent,34,202610,2026,14
147,Intermittent,35,202611,2026,16
147,Intermittent,36,202612,2026,15
148,Intermittent,1,202401,2024,8
148,Intermittent,2,202402,2024,9
148,Intermittent,3,202403,2024,8
148,Intermittent,4,202404,2024,9
148,Intermittent,5,202405,2024,9
148,Intermittent,6,202406,2024,8
148,Intermittent,7,202407,2024,8
148,Intermittent,8,202408,2024,8
148,Intermittent,9,202409,2024,9
148,Intermittent,10,202410,2024,8
148,Intermittent,11,202411,2024,7
148,Intermittent,12,202412,2024,9
148,Intermittent,13,202501,2025,9
148,Intermittent,14,202502,2025,8
148,Intermittent,15,202503,2025,9
148,Intermittent,16,202504,2025,9
148,Intermittent,17,202505,2025,9
148,Intermittent,18,202506,2025,0
148,Intermittent,19,202507,2025,9
148,Intermittent,20,202508,2025,8
148,Intermittent,21,202509,2025,0
148,Intermittent,22,202510,2025,8
148,Intermittent,23,202511,2025,8
148,Intermittent,24,202512,2025,8
148,Intermittent,25,202601,2026,8
148,Intermittent,26,202602,2026,0
148,Intermittent,27,202603,2026,10
148,Intermittent,28,202604,2026,9
148,Intermittent,29,202605,2026,10
148,Intermittent,30,202606,2026,0
148,Intermittent,31,202607,2026,0
148,Intermittent,32,202608,2026,9
148,Intermittent,33,202609,2026,7
148,Intermittent,34,202610,2026,9
148,Intermittent,35,202611,2026,9
148,Intermittent,36,202612,2026,0
149,Intermittent,1,202401,2024,10
149,Intermittent,2,202402,2024,0
149,Intermittent,3,202403,2024,12
149,Intermittent,4,202404,2024,0
149,Intermittent,5,202405,2024,12
149,Intermittent,6,202406,2024,11
149,Intermittent,7,202407,2024,0
149,Intermittent,8,202408,2024,11
149,Intermittent,9,202409,2024,0
149,Intermittent,10,202410,2024,13
149,Intermittent,11,202411,2024,11
149,Intermittent,12,202412,2024,13
149,Intermittent,13,202501,2025,12
149,Intermittent,14,202502,2025,12
149,Intermittent,15,202503,2025,12
149,Intermittent,16,202504,2025,12
149,Intermittent,17,202505,2025,14
149,Intermittent,18,202506,2025,12
149,Intermittent,19,202507,2025,13
149,Intermittent,20,202508,2025,12
149,Intermittent,21,202509,2025,14
149,Intermittent,22,202510,2025,0
149,Intermittent,23,202511,2025,13
149,Intermittent,24,202512,2025,13
149,Intermittent,25,202601,2026,12
149,Intermittent,26,202602,2026,12
149,Intermittent,27,202603,2026,13
149,Intermittent,28,202604,2026,12
149,Intermittent,29,202605,2026,12
149,Intermittent,30,202606,2026,11
149,Intermittent,31,202607,2026,14
149,Intermittent,32,202608,2026,12
149,Intermittent,33,202609,2026,0
149,Intermittent,34,202610,2026,12
149,Intermittent,35,202611,2026,0
149,Intermittent,36,202612,2026,13
150,Intermittent,1,202401,2024,0
150,Intermittent,2,202402,2024,14
150,Intermittent,3,202403,2024,0
150,Intermittent,4,202404,2024,15
150,Intermittent,5,202405,2024,15
150,Intermittent,6,202406,2024,14
150,Intermittent,7,202407,2024,0
150,Intermittent,8,202408,2024,0
150,Intermittent,9,202409,2024,14
150,Intermittent,10,202410,2024,0
150,Intermittent,11,202411,2024,0
150,Intermittent,12,202412,2024,16
150,Intermittent,13,202501,2025,17
150,Intermittent,14,202502,2025,16
150,Intermittent,15,202503,2025,18
150,Intermittent,16,202504,2025,14
150,Intermittent,17,202505,2025,16
150,Intermittent,18,202506,2025,17
150,Intermittent,19,202507,2025,13
150,Intermittent,20,202508,2025,15
150,Intermittent,21,202509,2025,0
150,Intermittent,22,202510,2025,0
150,Intermittent,23,202511,2025,14
150,Intermittent,24,202512,2025,16
150,Intermittent,25,202601,2026,15
150,Intermittent,26,202602,2026,0
150,Intermittent,27,202603,2026,16
150,Intermittent,28,202604,2026,0
150,Intermittent,29,202605,2026,15
150,Intermittent,30,202606,2026,17
150,Intermittent,31,202607,2026,14
150,Intermittent,32,202608,2026,17
150,Intermittent,33,202609,2026,15
150,Intermittent,34,202610,2026,16
150,Intermittent,35,202611,2026,0
150,Intermittent,36,202612,2026,16
151,Intermittent,1,202401,2024,13
151,Intermittent,2,202402,2024,0
151,Intermittent,3,202403,2024,11
151,Intermittent,4,202404,2024,12
151,Intermittent,5,202405,2024,10
151,Intermittent,6,202406,2024,11
151,Intermittent,7,202407,2024,0
151,Intermittent,8,202408,2024,0
151,Intermittent,9,202409,2024,10
151,Intermittent,10,202410,2024,10
151,Intermittent,11,202411,2024,10
151,Intermittent,12,202412,2024,11
151,Intermittent,13,202501,2025,10
151,Intermittent,14,202502,2025,0
151,Intermittent,15,202503,2025,12
151,Intermittent,16,202504,2025,12
151,Intermittent,17,202505,2025,0
151,Intermittent,18,202506,2025,10
151,Intermittent,19,202507,2025,10
151,Intermittent,20,202508,2025,0
151,Intermittent,21,202509,2025,12
151,Intermittent,22,202510,2025,11
151,Intermittent,23,202511,2025,12
151,Intermittent,24,202512,2025,0
151,Intermittent,25,202601,2026,10
151,Intermittent,26,202602,2026,13
151,Intermittent,27,202603,2026,12
151,Intermittent,28,202604,2026,13
151,Intermittent,29,202605,2026,0
151,Intermittent,30,202606,2026,11
151,Intermittent,31,202607,2026,11
151,Intermittent,32,202608,2026,10
151,Intermittent,33,202609,2026,12
151,Intermittent,34,202610,2026,0
151,Intermittent,35,202611,2026,11
151,Intermittent,36,202612,2026,11
152,Intermittent,1,202401,2024,12
152,Intermittent,2,202402,2024,0
152,Intermittent,3,202403,2024,0
152,Intermittent,4,202404,2024,14
152,Intermittent,5,202405,2024,0
152,Intermittent,6,202406,2024,13
152,Intermittent,7,202407,2024,13
152,Intermittent,8,202408,2024,13
152,Intermittent,9,202409,2024,11
152,Intermittent,10,202410,2024,13
152,Intermittent,11,202411,2024,14
152,Intermittent,12,202412,2024,11
152,Intermittent,13,202501,2025,13
152,Intermittent,14,202502,2025,0
152,Intermittent,15,202503,2025,14
152,Intermittent,16,202504,2025,13
152,Intermittent,17,202505,2025,14
152,Intermittent,18,202506,2025,14
152,Intermittent,19,202507,2025,0
152,Intermittent,20,202508,2025,0
152,Intermittent,21,202509,2025,13
152,Intermittent,22,202510,2025,13
152,Intermittent,23,202511,2025,0
152,Intermittent,24,202512,2025,14
152,Intermittent,25,202601,2026,13
152,Intermittent,26,202602,2026,13
152,Intermittent,27,202603,2026,14
152,Intermittent,28,202604,2026,0
152,Intermittent,29,202605,2026,0
152,Intermittent,30,202606,2026,0
152,Intermittent,31,202607,2026,14
152,Intermittent,32,202608,2026,13
152,Intermittent,33,202609,2026,11
152,Intermittent,34,202610,2026,14
152,Intermittent,35,202611,2026,13
152,Intermittent,36,202612,2026,14
153,Intermittent,1,202401,2024,9
153,Intermittent,2,202402,2024,10
153,Intermittent,3,202403,2024,12
153,Intermittent,4,202404,2024,0
153,Intermittent,5,202405,2024,11
153,Intermittent,6,202406,2024,12
153,Intermittent,7,202407,2024,9
153,Intermittent,8,202408,2024,11
153,Intermittent,9,202409,2024,10
153,Intermittent,10,202410,2024,11
153,Intermittent,11,202411,2024,11
153,Intermittent,12,202412,2024,0
153,Intermittent,13,202501,2025,12
153,Intermittent,14,202502,2025,11
153,Intermittent,15,202503,2025,12
153,Intermittent,16,202504,2025,10
153,Intermittent,17,202505,2025,0
153,Intermittent,18,202506,2025,12
153,Intermittent,19,202507,2025,0
153,Intermittent,20,202508,2025,10
153,Intermittent,21,202509,2025,10
153,Intermittent,22,202510,2025,9
153,Intermittent,23,202511,2025,10
153,Intermittent,24,202512,2025,0
153,Intermittent,25,202601,2026,11
153,Intermittent,26,202602,2026,11
153,Intermittent,27,202603,2026,13
153,Intermittent,28,202604,2026,11
153,Intermittent,29,202605,2026,9
153,Intermittent,30,202606,2026,11
153,Intermittent,31,202607,2026,11
153,Intermittent,32,202608,2026,11
153,Intermittent,33,202609,2026,9
153,Intermittent,34,202610,2026,11
153,Intermittent,35,202611,2026,0
153,Intermittent,36,202612,2026,13
154,Intermittent,1,202401,2024,17
154,Intermittent,2,202402,2024,14
154,Intermittent,3,202403,2024,17
154,Intermittent,4,202404,2024,14
154,Intermittent,5,202405,2024,16
154,Intermittent,6,202406,2024,15
154,Intermittent,7,202407,2024,0
154,Intermittent,8,202408,2024,0
154,Intermittent,9,202409,2024,15
154,Intermittent,10,202410,2024,16
154,Intermittent,11,202411,2024,16
154,Intermittent,12,202412,2024,15
154,Intermittent,13,202501,2025,0
154,Intermittent,14,202502,2025,0
154,Intermittent,15,202503,2025,15
154,Intermittent,16,202504,2025,17
154,Intermittent,17,202505,2025,18
154,Intermittent,18,202506,2025,0
154,Intermittent,19,202507,2025,14
154,Intermittent,20,202508,2025,15
154,Intermittent,21,202509,2025,17
154,Intermittent,22,202510,2025,0
154,Intermittent,23,202511,2025,0
154,Intermittent,24,202512,2025,15
154,Intermittent,25,202601,2026,16
154,Intermittent,26,202602,2026,16
154,Intermittent,27,202603,2026,18
154,Intermittent,28,202604,2026,17
154,Intermittent,29,202605,2026,18
154,Intermittent,30,202606,2026,15
154,Intermittent,31,202607,2026,15
154,Intermittent,32,202608,2026,15
154,Intermittent,33,202609,2026,15
154,Intermittent,34,202610,2026,15
154,Intermittent,35,202611,2026,14
154,Intermittent,36,202612,2026,15
155,Intermittent,1,202401,2024,13
155,Intermittent,2,202402,2024,15
155,Intermittent,3,202403,2024,12
155,Intermittent,4,202404,2024,13
155,Intermittent,5,202405,2024,14
155,Intermittent,6,202406,2024,0
155,Intermittent,7,202407,2024,13
155,Intermittent,8,202408,2024,12
155,Intermittent,9,202409,2024,13
155,Intermittent,10,202410,2024,13
155,Intermittent,11,202411,2024,12
155,Intermittent,12,202412,2024,13
155,Intermittent,13,202501,2025,13
155,Intermittent,14,202502,2025,13
155,Intermittent,15,202503,2025,0
155,Intermittent,16,202504,2025,13
155,Intermittent,17,202505,2025,0
155,Intermittent,18,202506,2025,15
155,Intermittent,19,202507,2025,14
155,Intermittent,20,202508,2025,13
155,Intermittent,21,202509,2025,0
155,Intermittent,22,202510,2025,13
155,Intermittent,23,202511,2025,12
155,Intermittent,24,202512,2025,13
155,Intermittent,25,202601,2026,0
155,Intermittent,26,202602,2026,0
155,Intermittent,27,202603,2026,15
155,Intermittent,28,202604,2026,14
155,Intermittent,29,202605,2026,0
155,Intermittent,30,202606,2026,14
155,Intermittent,31,202607,2026,14
155,Intermittent,32,202608,2026,0
155,Intermittent,33,202609,2026,13
155,Intermittent,34,202610,2026,13
155,Intermittent,35,202611,2026,13
155,Intermittent,36,202612,2026,14
156,Intermittent,1,202401,2024,16
156,Intermittent,2,202402,2024,0
156,Intermittent,3,202403,2024,15
156,Intermittent,4,202404,2024,16
156,Intermittent,5,202405,2024,0
156,Intermittent,6,202406,2024,13
156,Intermittent,7,202407,2024,14
156,Intermittent,8,202408,2024,15
156,Intermittent,9,202409,2024,0
156,Intermittent,10,202410,2024,15
156,Intermittent,11,202411,2024,0
156,Intermittent,12,202412,2024,15
156,Intermittent,13,202501,2025,17
156,Intermittent,14,202502,2025,16
156,Intermittent,15,202503,2025,15
156,Intermittent,16,202504,2025,16
156,Intermittent,17,202505,2025,16
156,Intermittent,18,202506,2025,15
156,Intermittent,19,202507,2025,14
156,Intermittent,20,202508,2025,0
156,Intermittent,21,202509,2025,13
156,Intermittent,22,202510,2025,14
156,Intermittent,23,202511,2025,14
156,Intermittent,24,202512,2025,17
156,Intermittent,25,202601,2026,17
156,Intermittent,26,202602,2026,16
156,Intermittent,27,202603,2026,15
156,Intermittent,28,202604,2026,15
156,Intermittent,29,202605,2026,16
156,Intermittent,30,202606,2026,17
156,Intermittent,31,202607,2026,12
156,Intermittent,32,202608,2026,14
156,Intermittent,33,202609,2026,17
156,Intermittent,34,202610,2026,15
156,Intermittent,35,202611,2026,15
156,Intermittent,36,202612,2026,14
157,Intermittent,1,202401,2024,0
157,Intermittent,2,202402,2024,17
157,Intermittent,3,202403,2024,16
157,Intermittent,4,202404,2024,16
157,Intermittent,5,202405,2024,0
157,Intermittent,6,202406,2024,14
157,Intermittent,7,202407,2024,15
157,Intermittent,8,202408,2024,13
157,Intermittent,9,202409,2024,0
157,Intermittent,10,202410,2024,16
157,Intermittent,11,202411,2024,17
157,Intermittent,12,202412,2024,0
157,Intermittent,13,202501,2025,19
157,Intermittent,14,202502,2025,18
157,Intermittent,15,202503,2025,15
157,Intermittent,16,202504,2025,15
157,Intermittent,17,202505,2025,15
157,Intermittent,18,202506,2025,15
157,Intermittent,19,202507,2025,15
157,Intermittent,20,202508,2025,14
157,Intermittent,21,202509,2025,15
157,Intermittent,22,202510,2025,16
157,Intermittent,23,202511,2025,0
157,Intermittent,24,202512,2025,0
157,Intermittent,25,202601,2026,16
157,Intermittent,26,202602,2026,16
157,Intermittent,27,202603,2026,18
157,Intermittent,28,202604,2026,15
157,Intermittent,29,202605,2026,0
157,Intermittent,30,202606,2026,0
157,Intermittent,31,202607,2026,15
157,Intermittent,32,202608,2026,17
157,Intermittent,33,202609,2026,16
157,Intermittent,34,202610,2026,15
157,Intermittent,35,202611,2026,17
157,Intermittent,36,202612,2026,12
158,Intermittent,1,202401,2024,12
158,Intermittent,2,202402,2024,0
158,Intermittent,3,202403,2024,11
158,Intermittent,4,202404,2024,11
158,Intermittent,5,202405,2024,11
158,Intermittent,6,202406,2024,0
158,Intermittent,7,202407,2024,12
158,Intermittent,8,202408,2024,11
158,Intermittent,9,202409,2024,11
158,Intermittent,10,202410,2024,12
158,Intermittent,11,202411,2024,11
158,Intermittent,12,202412,2024,13
158,Intermittent,13,202501,2025,12
158,Intermittent,14,202502,2025,13
158,Intermittent,15,202503,2025,14
158,Intermittent,16,202504,2025,14
158,Intermittent,17,202505,2025,0
158,Intermittent,18,202506,2025,13
158,Intermittent,19,202507,2025,0
158,Intermittent,20,202508,2025,0
158,Intermittent,21,202509,2025,12
158,Intermittent,22,202510,2025,10
158,Intermittent,23,202511,2025,13
158,Intermittent,24,202512,2025,10
158,Intermittent,25,202601,2026,12
158,Intermittent,26,202602,2026,12
158,Intermittent,27,202603,2026,12
158,Intermittent,28,202604,2026,14
158,Intermittent,29,202605,2026,11
158,Intermittent,30,202606,2026,12
158,Intermittent,31,202607,2026,12
158,Intermittent,32,202608,2026,0
158,Intermittent,33,202609,2026,10
158,Intermittent,34,202610,2026,12
158,Intermittent,35,202611,2026,12
158,Intermittent,36,202612,2026,13
159,Intermittent,1,202401,2024,11
159,Intermittent,2,202402,2024,15
159,Intermittent,3,202403,2024,12
159,Intermittent,4,202404,2024,0
159,Intermittent,5,202405,2024,10
159,Intermittent,6,202406,2024,11
159,Intermittent,7,202407,2024,11
159,Intermittent,8,202408,2024,13
159,Intermittent,9,202409,2024,10
159,Intermittent,10,202410,2024,11
159,Intermittent,11,202411,2024,12
159,Intermittent,12,202412,2024,11
159,Intermittent,13,202501,2025,13
159,Intermittent,14,202502,2025,11
159,Intermittent,15,202503,2025,13
159,Intermittent,16,202504,2025,12
159,Intermittent,17,202505,2025,0
159,Intermittent,18,202506,2025,13
159,Intermittent,19,202507,2025,11
159,Intermittent,20,202508,2025,11
159,Intermittent,21,202509,2025,10
159,Intermittent,22,202510,2025,0
159,Intermittent,23,202511,2025,0
159,Intermittent,24,202512,2025,0
159,Intermittent,25,202601,2026,0
159,Intermittent,26,202602,2026,13
159,Intermittent,27,202603,2026,14
159,Intermittent,28,202604,2026,11
159,Intermittent,29,202605,2026,14
159,Intermittent,30,202606,2026,13
159,Intermittent,31,202607,2026,11
159,Intermittent,32,202608,2026,0
159,Intermittent,33,202609,2026,0
159,Intermittent,34,202610,2026,10
159,Intermittent,35,202611,2026,0
159,Intermittent,36,202612,2026,11
160,Intermittent,1,202401,2024,0
160,Intermittent,2,202402,2024,12
160,Intermittent,3,202403,2024,11
160,Intermittent,4,202404,2024,0
160,Intermittent,5,202405,2024,0
160,Intermittent,6,202406,2024,11
160,Intermittent,7,202407,2024,10
160,Intermittent,8,202408,2024,11
160,Intermittent,9,202409,2024,10
160,Intermittent,10,202410,2024,0
160,Intermittent,11,202411,2024,11
160,Intermittent,12,202412,2024,10
160,Intermittent,13,202501,2025,11
160,Intermittent,14,202502,2025,12
160,Intermittent,15,202503,2025,0
160,Intermittent,16,202504,2025,11
160,Intermittent,17,202505,2025,0
160,Intermittent,18,202506,2025,11
160,Intermittent,19,202507,2025,12
160,Intermittent,20,202508,2025,10
160,Intermittent,21,202509,2025,10
160,Intermittent,22,202510,2025,10
160,Intermittent,23,202511,2025,11
160,Intermittent,24,202512,2025,10
160,Intermittent,25,202601,2026,11
160,Intermittent,26,202602,2026,12
160,Intermittent,27,202603,2026,13
160,Intermittent,28,202604,2026,13
160,Intermittent,29,202605,2026,12
160,Intermittent,30,202606,2026,11
160,Intermittent,31,202607,2026,11
160,Intermittent,32,202608,2026,11
160,Intermittent,33,202609,2026,10
160,Intermittent,34,202610,2026,11
160,Intermittent,35,202611,2026,12
160,Intermittent,36,202612,2026,11
161,Intermittent,1,202401,2024,0
161,Intermittent,2,202402,2024,14
161,Intermittent,3,202403,2024,12
161,Intermittent,4,202404,2024,0
161,Intermittent,5,202405,2024,0
161,Intermittent,6,202406,2024,12
161,Intermittent,7,202407,2024,12
161,Intermittent,8,202408,2024,11
161,Intermittent,9,202409,2024,12
161,Intermittent,10,202410,2024,12
161,Intermittent,11,202411,2024,12
161,Intermittent,12,202412,2024,14
161,Intermittent,13,202501,2025,13
161,Intermittent,14,202502,2025,13
161,Intermittent,15,202503,2025,13
161,Intermittent,16,202504,2025,13
161,Intermittent,17,202505,2025,11
161,Intermittent,18,202506,2025,13
161,Intermittent,19,202507,2025,12
161,Intermittent,20,202508,2025,0
161,Intermittent,21,202509,2025,0
161,Intermittent,22,202510,2025,11
161,Intermittent,23,202511,2025,0
161,Intermittent,24,202512,2025,11
161,Intermittent,25,202601,2026,12
161,Intermittent,26,202602,2026,15
161,Intermittent,27,202603,2026,0
161,Intermittent,28,202604,2026,13
161,Intermittent,29,202605,2026,12
161,Intermittent,30,202606,2026,12
161,Intermittent,31,202607,2026,13
161,Intermittent,32,202608,2026,11
161,Intermittent,33,202609,2026,13
161,Intermittent,34,202610,2026,0
161,Intermittent,35,202611,2026,13
161,Intermittent,36,202612,2026,13
162,Intermittent,1,202401,2024,15
162,Intermittent,2,202402,2024,14
162,Intermittent,3,202403,2024,11
162,Intermittent,4,202404,2024,0
162,Intermittent,5,202405,2024,0
162,Intermittent,6,202406,2024,0
162,Intermittent,7,202407,2024,15
162,Intermittent,8,202408,2024,12
162,Intermittent,9,202409,2024,12
162,Intermittent,10,202410,2024,0
162,Intermittent,11,202411,2024,12
162,Intermittent,12,202412,2024,12
162,Intermittent,13,202501,2025,12
162,Intermittent,14,202502,2025,14
162,Intermittent,15,202503,2025,14
162,Intermittent,16,202504,2025,11
162,Intermittent,17,202505,2025,0
162,Intermittent,18,202506,2025,13
162,Intermittent,19,202507,2025,14
162,Intermittent,20,202508,2025,0
162,Intermittent,21,202509,2025,12
162,Intermittent,22,202510,2025,14
162,Intermittent,23,202511,2025,0
162,Intermittent,24,202512,2025,14
162,Intermittent,25,202601,2026,0
162,Intermittent,26,202602,2026,15
162,Intermittent,27,202603,2026,0
162,Intermittent,28,202604,2026,16
162,Intermittent,29,202605,2026,14
162,Intermittent,30,202606,2026,14
162,Intermittent,31,202607,2026,12
162,Intermittent,32,202608,2026,12
162,Intermittent,33,202609,2026,12
162,Intermittent,34,202610,2026,13
162,Intermittent,35,202611,2026,0
162,Intermittent,36,202612,2026,0
163,Intermittent,1,202401,2024,11
163,Intermittent,2,202402,2024,11
163,Intermittent,3,202403,2024,12
163,Intermittent,4,202404,2024,0
163,Intermittent,5,202405,2024,11
163,Intermittent,6,202406,2024,9
163,Intermittent,7,202407,2024,10
163,Intermittent,8,202408,2024,11
163,Intermittent,9,202409,2024,10
163,Intermittent,10,202410,2024,11
163,Intermittent,11,202411,2024,11
163,Intermittent,12,202412,2024,12
163,Intermittent,13,202501,2025,11
163,Intermittent,14,202502,2025,10
163,Intermittent,15,202503,2025,10
163,Intermittent,16,202504,2025,10
163,Intermittent,17,202505,2025,9
163,Intermittent,18,202506,2025,11
163,Intermittent,19,202507,2025,11
163,Intermittent,20,202508,2025,12
163,Intermittent,21,202509,2025,11
163,Intermittent,22,202510,2025,12
163,Intermittent,23,202511,2025,0
163,Intermittent,24,202512,2025,11
163,Intermittent,25,202601,2026,12
163,Intermittent,26,202602,2026,12
163,Intermittent,27,202603,2026,11
163,Intermittent,28,202604,2026,11
163,Intermittent,29,202605,2026,12
163,Intermittent,30,202606,2026,9
163,Intermittent,31,202607,2026,12
163,Intermittent,32,202608,2026,11
163,Intermittent,33,202609,2026,0
163,Intermittent,34,202610,2026,12
163,Intermittent,35,202611,2026,10
163,Intermittent,36,202612,2026,11
164,Intermittent,1,202401,2024,13
164,Intermittent,2,202402,2024,13
164,Intermittent,3,202403,2024,13
164,Intermittent,4,202404,2024,14
164,Intermittent,5,202405,2024,14
164,Intermittent,6,202406,2024,0
164,Intermittent,7,202407,2024,12
164,Intermittent,8,202408,2024,12
164,Intermittent,9,202409,2024,11
164,Intermittent,10,202410,2024,10
164,Intermittent,11,202411,2024,12
164,Intermittent,12,202412,2024,11
164,Intermittent,13,202501,2025,0
164,Intermittent,14,202502,2025,13
164,Intermittent,15,202503,2025,11
164,Intermittent,16,202504,2025,12
164,Intermittent,17,202505,2025,12
164,Intermittent,18,202506,2025,13
164,Intermittent,19,202507,2025,12
164,Intermittent,20,202508,2025,10
164,Intermittent,21,202509,2025,12
164,Intermittent,22,202510,2025,0
164,Intermittent,23,202511,2025,12
164,Intermittent,24,202512,2025,12
164,Intermittent,25,202601,2026,13
164,Intermittent,26,202602,2026,0
164,Intermittent,27,202603,2026,12
164,Intermittent,28,202604,2026,15
164,Intermittent,29,202605,2026,12
164,Intermittent,30,202606,2026,12
164,Intermittent,31,202607,2026,0
164,Intermittent,32,202608,2026,13
164,Intermittent,33,202609,2026,13
164,Intermittent,34,202610,2026,11
164,Intermittent,35,202611,2026,12
164,Intermittent,36,202612,2026,0
165,Intermittent,1,202401,2024,10
165,Intermittent,2,202402,2024,10
165,Intermittent,3,202403,2024,11
165,Intermittent,4,202404,2024,10
165,Intermittent,5,202405,2024,10
165,Intermittent,6,202406,2024,12
165,Intermittent,7,202407,2024,10
165,Intermittent,8,202408,2024,11
165,Intermittent,9,202409,2024,9
165,Intermittent,10,202410,2024,11
165,Intermittent,11,202411,2024,0
165,Intermittent,12,202412,2024,10
165,Intermittent,13,202501,2025,9
165,Intermittent,14,202502,2025,12
165,Intermittent,15,202503,2025,12
165,Intermittent,16,202504,2025,13
165,Intermittent,17,202505,2025,0
165,Intermittent,18,202506,2025,11
165,Intermittent,19,202507,2025,10
165,Intermittent,20,202508,2025,9
165,Intermittent,21,202509,2025,11
165,Intermittent,22,202510,2025,11
165,Intermittent,23,202511,2025,0
165,Intermittent,24,202512,2025,12
165,Intermittent,25,202601,2026,0
165,Intermittent,26,202602,2026,0
165,Intermittent,27,202603,2026,11
165,Intermittent,28,202604,2026,14
165,Intermittent,29,202605,2026,11
165,Intermittent,30,202606,2026,12
165,Intermittent,31,202607,2026,12
165,Intermittent,32,202608,2026,0
165,Intermittent,33,202609,2026,10
165,Intermittent,34,202610,2026,9
165,Intermittent,35,202611,2026,9
165,Intermittent,36,202612,2026,0
166,Intermittent,1,202401,2024,13
166,Intermittent,2,202402,2024,16
166,Intermittent,3,202403,2024,16
166,Intermittent,4,202404,2024,17
166,Intermittent,5,202405,2024,16
166,Intermittent,6,202406,2024,14
166,Intermittent,7,202407,2024,12
166,Intermittent,8,202408,2024,12
166,Intermittent,9,202409,2024,0
166,Intermittent,10,202410,2024,12
166,Intermittent,11,202411,2024,15
166,Intermittent,12,202412,2024,18
166,Intermittent,13,202501,2025,16
166,Intermittent,14,202502,2025,15
166,Intermittent,15,202503,2025,15
166,Intermittent,16,202504,2025,17
166,Intermittent,17,202505,2025,15
166,Intermittent,18,202506,2025,0
166,Intermittent,19,202507,2025,16
166,Intermittent,20,202508,2025,13
166,Intermittent,21,202509,2025,14
166,Intermittent,22,202510,2025,0
166,Intermittent,23,202511,2025,16
166,Intermittent,24,202512,2025,18
166,Intermittent,25,202601,2026,16
166,Intermittent,26,202602,2026,17
166,Intermittent,27,202603,2026,0
166,Intermittent,28,202604,2026,17
166,Intermittent,29,202605,2026,0
166,Intermittent,30,202606,2026,14
166,Intermittent,31,202607,2026,0
166,Intermittent,32,202608,2026,0
166,Intermittent,33,202609,2026,14
166,Intermittent,34,202610,2026,15
166,Intermittent,35,202611,2026,0
166,Intermittent,36,202612,2026,0
167,Intermittent,1,202401,2024,14
167,Intermittent,2,202402,2024,15
167,Intermittent,3,202403,2024,0
167,Intermittent,4,202404,2024,15
167,Intermittent,5,202405,2024,15
167,Intermittent,6,202406,2024,0
167,Intermittent,7,202407,2024,15
167,Intermittent,8,202408,2024,14
167,Intermittent,9,202409,2024,13
167,Intermittent,10,202410,2024,15
167,Intermittent,11,202411,2024,0
167,Intermittent,12,202412,2024,14
167,Intermittent,13,202501,2025,16
167,Intermittent,14,202502,2025,15
167,Intermittent,15,202503,2025,15
167,Intermittent,16,202504,2025,14
167,Intermittent,17,202505,2025,15
167,Intermittent,18,202506,2025,14
167,Intermittent,19,202507,2025,0
167,Intermittent,20,202508,2025,14
167,Intermittent,21,202509,2025,15
167,Intermittent,22,202510,2025,0
167,Intermittent,23,202511,2025,15
167,Intermittent,24,202512,2025,16
167,Intermittent,25,202601,2026,14
167,Intermittent,26,202602,2026,15
167,Intermittent,27,202603,2026,17
167,Intermittent,28,202604,2026,16
167,Intermittent,29,202605,2026,0
167,Intermittent,30,202606,2026,16
167,Intermittent,31,202607,2026,15
167,Intermittent,32,202608,2026,12
167,Intermittent,33,202609,2026,16
167,Intermittent,34,202610,2026,16
167,Intermittent,35,202611,2026,0
167,Intermittent,36,202612,2026,0
168,Intermittent,1,202401,2024,8
168,Intermittent,2,202402,2024,10
168,Intermittent,3,202403,2024,8
168,Intermittent,4,202404,2024,8
168,Intermittent,5,202405,2024,7
168,Intermittent,6,202406,2024,0
168,Intermittent,7,202407,2024,8
168,Intermittent,8,202408,2024,8
168,Intermittent,9,202409,2024,8
168,Intermittent,10,202410,2024,7
168,Intermittent,11,202411,2024,7
168,Intermittent,12,202412,2024,7
168,Intermittent,13,202501,2025,9
168,Intermittent,14,202502,2025,0
168,Intermittent,15,202503,2025,9
168,Intermittent,16,202504,2025,0
168,Intermittent,17,202505,2025,8
168,Intermittent,18,202506,2025,0
168,Intermittent,19,202507,2025,9
168,Intermittent,20,202508,2025,9
168,Intermittent,21,202509,2025,9
168,Intermittent,22,202510,2025,10
168,Intermittent,23,202511,2025,9
168,Intermittent,24,202512,2025,0
168,Intermittent,25,202601,2026,8
168,Intermittent,26,202602,2026,10
168,Intermittent,27,202603,2026,10
168,Intermittent,28,202604,2026,9
168,Intermittent,29,202605,2026,9
168,Intermittent,30,202606,2026,9
168,Intermittent,31,202607,2026,9
168,Intermittent,32,202608,2026,10
168,Intermittent,33,202609,2026,8
168,Intermittent,34,202610,2026,8
168,Intermittent,35,202611,2026,9
168,Intermittent,36,202612,2026,10
169,Intermittent,1,202401,2024,12
169,Intermittent,2,202402,2024,12
169,Intermittent,3,202403,2024,13
169,Intermittent,4,202404,2024,11
169,Intermittent,5,202405,2024,13
169,Intermittent,6,202406,2024,12
169,Intermittent,7,202407,2024,0
169,Intermittent,8,202408,2024,11
169,Intermittent,9,202409,2024,0
169,Intermittent,10,202410,2024,0
169,Intermittent,11,202411,2024,12
169,Intermittent,12,202412,2024,14
169,Intermittent,13,202501,2025,12
169,Intermittent,14,202502,2025,12
169,Intermittent,15,202503,2025,15
169,Intermittent,16,202504,2025,15
169,Intermittent,17,202505,2025,13
169,Intermittent,18,202506,2025,13
169,Intermittent,19,202507,2025,11
169,Intermittent,20,202508,2025,0
169,Intermittent,21,202509,2025,12
169,Intermittent,22,202510,2025,15
169,Intermittent,23,202511,2025,11
169,Intermittent,24,202512,2025,11
169,Intermittent,25,202601,2026,12
169,Intermittent,26,202602,2026,0
169,Intermittent,27,202603,2026,13
169,Intermittent,28,202604,2026,16
169,Intermittent,29,202605,2026,14
169,Intermittent,30,202606,2026,11
169,Intermittent,31,202607,2026,13
169,Intermittent,32,202608,2026,0
169,Intermittent,33,202609,2026,12
169,Intermittent,34,202610,2026,13
169,Intermittent,35,202611,2026,13
169,Intermittent,36,202612,2026,14
170,Intermittent,1,202401,2024,0
170,Intermittent,2,202402,2024,16
170,Intermittent,3,202403,2024,16
170,Intermittent,4,202404,2024,15
170,Intermittent,5,202405,2024,0
170,Intermittent,6,202406,2024,0
170,Intermittent,7,202407,2024,16
170,Intermittent,8,202408,2024,0
170,Intermittent,9,202409,2024,15
170,Intermittent,10,202410,2024,14
170,Intermittent,11,202411,2024,0
170,Intermittent,12,202412,2024,0
170,Intermittent,13,202501,2025,14
170,Intermittent,14,202502,2025,15
170,Intermittent,15,202503,2025,17
170,Intermittent,16,202504,2025,16
170,Intermittent,17,202505,2025,17
170,Intermittent,18,202506,2025,0
170,Intermittent,19,202507,2025,13
170,Intermittent,20,202508,2025,14
170,Intermittent,21,202509,2025,16
170,Intermittent,22,202510,2025,0
170,Intermittent,23,202511,2025,16
170,Intermittent,24,202512,2025,15
170,Intermittent,25,202601,2026,17
170,Intermittent,26,202602,2026,0
170,Intermittent,27,202603,2026,16
170,Intermittent,28,202604,2026,16
170,Intermittent,29,202605,2026,0
170,Intermittent,30,202606,2026,0
170,Intermittent,31,202607,2026,15
170,Intermittent,32,202608,2026,15
170,Intermittent,33,202609,2026,14
170,Intermittent,34,202610,2026,16
170,Intermittent,35,202611,2026,14
170,Intermittent,36,202612,2026,15
171,Intermittent,1,202401,2024,0
171,Intermittent,2,202402,2024,14
171,Intermittent,3,202403,2024,12
171,Intermittent,4,202404,2024,0
171,Intermittent,5,202405,2024,11
171,Intermittent,6,202406,2024,11
171,Intermittent,7,202407,2024,0
171,Intermittent,8,202408,2024,12
171,Intermittent,9,202409,2024,10
171,Intermittent,10,202410,2024,0
171,Intermittent,11,202411,2024,11
171,Intermittent,12,202412,2024,12
171,Intermittent,13,202501,2025,12
171,Intermittent,14,202502,2025,12
171,Intermittent,15,202503,2025,12
171,Intermittent,16,202504,2025,13
171,Intermittent,17,202505,2025,13
171,Intermittent,18,202506,2025,12
171,Intermittent,19,202507,2025,10
171,Intermittent,20,202508,2025,10
171,Intermittent,21,202509,2025,12
171,Intermittent,22,202510,2025,12
171,Intermittent,23,202511,2025,11
171,Intermittent,24,202512,2025,12
171,Intermittent,25,202601,2026,0
171,Intermittent,26,202602,2026,12
171,Intermittent,27,202603,2026,12
171,Intermittent,28,202604,2026,12
171,Intermittent,29,202605,2026,0
171,Intermittent,30,202606,2026,14
171,Intermittent,31,202607,2026,12
171,Intermittent,32,202608,2026,11
171,Intermittent,33,202609,2026,12
171,Intermittent,34,202610,2026,12
171,Intermittent,35,202611,2026,0
171,Intermittent,36,202612,2026,13
172,Intermittent,1,202401,2024,13
172,Intermittent,2,202402,2024,14
172,Intermittent,3,202403,2024,14
172,Intermittent,4,202404,2024,14
172,Intermittent,5,202405,2024,15
172,Intermittent,6,202406,2024,13
172,Intermittent,7,202407,2024,13
172,Intermittent,8,202408,2024,0
172,Intermittent,9,202409,2024,13
172,Intermittent,10,202410,2024,13
172,Intermittent,11,202411,2024,13
172,Intermittent,12,202412,2024,15
172,Intermittent,13,202501,2025,0
172,Intermittent,14,202502,2025,12
172,Intermittent,15,202503,2025,15
172,Intermittent,16,202504,2025,15
172,Intermittent,17,202505,2025,15
172,Intermittent,18,202506,2025,15
172,Intermittent,19,202507,2025,13
172,Intermittent,20,202508,2025,12
172,Intermittent,21,202509,2025,16
172,Intermittent,22,202510,2025,14
172,Intermittent,23,202511,2025,13
172,Intermittent,24,202512,2025,15
172,Intermittent,25,202601,2026,15
172,Intermittent,26,202602,2026,14
172,Intermittent,27,202603,2026,15
172,Intermittent,28,202604,2026,0
172,Intermittent,29,202605,2026,0
172,Intermittent,30,202606,2026,15
172,Intermittent,31,202607,2026,14
172,Intermittent,32,202608,2026,14
172,Intermittent,33,202609,2026,13
172,Intermittent,34,202610,2026,13
172,Intermittent,35,202611,2026,14
172,Intermittent,36,202612,2026,15
173,Intermittent,1,202401,2024,9
173,Intermittent,2,202402,2024,10
173,Intermittent,3,202403,2024,10
173,Intermittent,4,202404,2024,10
173,Intermittent,5,202405,2024,11
173,Intermittent,6,202406,2024,0
173,Intermittent,7,202407,2024,10
173,Intermittent,8,202408,2024,10
173,Intermittent,9,202409,2024,9
173,Intermittent,10,202410,2024,9
173,Intermittent,11,202411,2024,10
173,Intermittent,12,202412,2024,10
173,Intermittent,13,202501,2025,11
173,Intermittent,14,202502,2025,11
173,Intermittent,15,202503,2025,9
173,Intermittent,16,202504,2025,10
173,Intermittent,17,202505,2025,9
173,Intermittent,18,202506,2025,10
173,Intermittent,19,202507,2025,10
173,Intermittent,20,202508,2025,9
173,Intermittent,21,202509,2025,0
173,Intermittent,22,202510,2025,0
173,Intermittent,23,202511,2025,10
173,Intermittent,24,202512,2025,11
173,Intermittent,25,202601,2026,11
173,Intermittent,26,202602,2026,10
173,Intermittent,27,202603,2026,10
173,Intermittent,28,202604,2026,10
173,Intermittent,29,202605,2026,10
173,Intermittent,30,202606,2026,9
173,Intermittent,31,202607,2026,10
173,Intermittent,32,202608,2026,11
173,Intermittent,33,202609,2026,9
173,Intermittent,34,202610,2026,10
173,Intermittent,35,202611,2026,9
173,Intermittent,36,202612,2026,9
174,Intermittent,1,202401,2024,16
174,Intermittent,2,202402,2024,16
174,Intermittent,3,202403,2024,18
174,Intermittent,4,202404,2024,18
174,Intermittent,5,202405,2024,0
174,Intermittent,6,202406,2024,16
174,Intermittent,7,202407,2024,14
174,Intermittent,8,202408,2024,13
174,Intermittent,9,202409,2024,16
174,Intermittent,10,202410,2024,0
174,Intermittent,11,202411,2024,14
174,Intermittent,12,202412,2024,16
174,Intermittent,13,202501,2025,16
174,Intermittent,14,202502,2025,16
174,Intermittent,15,202503,2025,0
174,Intermittent,16,202504,2025,0
174,Intermittent,17,202505,2025,15
174,Intermittent,18,202506,2025,13
174,Intermittent,19,202507,2025,12
174,Intermittent,20,202508,2025,15
174,Intermittent,21,202509,2025,15
174,Intermittent,22,202510,2025,14
174,Intermittent,23,202511,2025,15
174,Intermittent,24,202512,2025,16
174,Intermittent,25,202601,2026,15
174,Intermittent,26,202602,2026,17
174,Intermittent,27,202603,2026,16
174,Intermittent,28,202604,2026,15
174,Intermittent,29,202605,2026,0
174,Intermittent,30,202606,2026,0
174,Intermittent,31,202607,2026,13
174,Intermittent,32,202608,2026,0
174,Intermittent,33,202609,2026,13
174,Intermittent,34,202610,2026,16
174,Intermittent,35,202611,2026,16
174,Intermittent,36,202612,2026,0
175,Intermittent,1,202401,2024,0
175,Intermittent,2,202402,2024,14
175,Intermittent,3,202403,2024,0
175,Intermittent,4,202404,2024,14
175,Intermittent,5,202405,2024,13
175,Intermittent,6,202406,2024,13
175,Intermittent,7,202407,2024,15
175,Intermittent,8,202408,2024,13
175,Intermittent,9,202409,2024,12
175,Intermittent,10,202410,2024,0
175,Intermittent,11,202411,2024,12
175,Intermittent,12,202412,2024,14
175,Intermittent,13,202501,2025,12
175,Intermittent,14,202502,2025,0
175,Intermittent,15,202503,2025,13
175,Intermittent,16,202504,2025,16
175,Intermittent,17,202505,2025,15
175,Intermittent,18,202506,2025,0
175,Intermittent,19,202507,2025,13
175,Intermittent,20,202508,2025,11
175,Intermittent,21,202509,2025,13
175,Intermittent,22,202510,2025,11
175,Intermittent,23,202511,2025,0
175,Intermittent,24,202512,2025,14
175,Intermittent,25,202601,2026,0
175,Intermittent,26,202602,2026,14
175,Intermittent,27,202603,2026,0
175,Intermittent,28,202604,2026,15
175,Intermittent,29,202605,2026,14
175,Intermittent,30,202606,2026,14
175,Intermittent,31,202607,2026,0
175,Intermittent,32,202608,2026,0
175,Intermittent,33,202609,2026,14
175,Intermittent,34,202610,2026,15
175,Intermittent,35,202611,2026,12
175,Intermittent,36,202612,2026,14
176,Intermittent,1,202401,2024,0
176,Intermittent,2,202402,2024,9
176,Intermittent,3,202403,2024,9
176,Intermittent,4,202404,2024,8
176,Intermittent,5,202405,2024,10
176,Intermittent,6,202406,2024,9
176,Intermittent,7,202407,2024,0
176,Intermittent,8,202408,2024,9
176,Intermittent,9,202409,2024,9
176,Intermittent,10,202410,2024,9
176,Intermittent,11,202411,2024,9
176,Intermittent,12,202412,2024,0
176,Intermittent,13,202501,2025,9
176,Intermittent,14,202502,2025,10
176,Intermittent,15,202503,2025,0
176,Intermittent,16,202504,2025,10
176,Intermittent,17,202505,2025,10
176,Intermittent,18,202506,2025,9
176,Intermittent,19,202507,2025,0
176,Intermittent,20,202508,2025,10
176,Intermittent,21,202509,2025,9
176,Intermittent,22,202510,2025,10
176,Intermittent,23,202511,2025,10
176,Intermittent,24,202512,2025,9
176,Intermittent,25,202601,2026,10
176,Intermittent,26,202602,2026,10
176,Intermittent,27,202603,2026,0
176,Intermittent,28,202604,2026,11
176,Intermittent,29,202605,2026,10
176,Intermittent,30,202606,2026,9
176,Intermittent,31,202607,2026,9
176,Intermittent,32,202608,2026,9
176,Intermittent,33,202609,2026,9
176,Intermittent,34,202610,2026,9
176,Intermittent,35,202611,2026,0
176,Intermittent,36,202612,2026,9
177,Intermittent,1,202401,2024,17
177,Intermittent,2,202402,2024,14
177,Intermittent,3,202403,2024,0
177,Intermittent,4,202404,2024,16
177,Intermittent,5,202405,2024,17
177,Intermittent,6,202406,2024,17
177,Intermittent,7,202407,2024,13
177,Intermittent,8,202408,2024,15
177,Intermittent,9,202409,2024,16
177,Intermittent,10,202410,2024,17
177,Intermittent,11,202411,2024,0
177,Intermittent,12,202412,2024,16
177,Intermittent,13,202501,2025,0
177,Intermittent,14,202502,2025,15
177,Intermittent,15,202503,2025,0
177,Intermittent,16,202504,2025,0
177,Intermittent,17,202505,2025,0
177,Intermittent,18,202506,2025,19
177,Intermittent,19,202507,2025,15
177,Intermittent,20,202508,2025,16
177,Intermittent,21,202509,2025,15
177,Intermittent,22,202510,2025,15
177,Intermittent,23,202511,2025,16
177,Intermittent,24,202512,2025,0
177,Intermittent,25,202601,2026,15
177,Intermittent,26,202602,2026,15
177,Intermittent,27,202603,2026,16
177,Intermittent,28,202604,2026,18
177,Intermittent,29,202605,2026,17
177,Intermittent,30,202606,2026,16
177,Intermittent,31,202607,2026,0
177,Intermittent,32,202608,2026,0
177,Intermittent,33,202609,2026,14
177,Intermittent,34,202610,2026,16
177,Intermittent,35,202611,2026,17
177,Intermittent,36,202612,2026,18
178,Intermittent,1,202401,2024,0
178,Intermittent,2,202402,2024,15
178,Intermittent,3,202403,2024,0
178,Intermittent,4,202404,2024,0
178,Intermittent,5,202405,2024,15
178,Intermittent,6,202406,2024,17
178,Intermittent,7,202407,2024,14
178,Intermittent,8,202408,2024,0
178,Intermittent,9,202409,2024,15
178,Intermittent,10,202410,2024,17
178,Intermittent,11,202411,2024,16
178,Intermittent,12,202412,2024,14
178,Intermittent,13,202501,2025,13
178,Intermittent,14,202502,2025,16
178,Intermittent,15,202503,2025,15
178,Intermittent,16,202504,2025,19
178,Intermittent,17,202505,2025,18
178,Intermittent,18,202506,2025,0
178,Intermittent,19,202507,2025,0
178,Intermittent,20,202508,2025,15
178,Intermittent,21,202509,2025,15
178,Intermittent,22,202510,2025,0
178,Intermittent,23,202511,2025,18
178,Intermittent,24,202512,2025,14
178,Intermittent,25,202601,2026,14
178,Intermittent,26,202602,2026,0
178,Intermittent,27,202603,2026,19
178,Intermittent,28,202604,2026,16
178,Intermittent,29,202605,2026,16
178,Intermittent,30,202606,2026,15
178,Intermittent,31,202607,2026,15
178,Intermittent,32,202608,2026,15
178,Intermittent,33,202609,2026,0
178,Intermittent,34,202610,2026,0
178,Intermittent,35,202611,2026,18
178,Intermittent,36,202612,2026,16
179,Intermittent,1,202401,2024,0
179,Intermittent,2,202402,2024,0
179,Intermittent,3,202403,2024,15
179,Intermittent,4,202404,2024,17
179,Intermittent,5,202405,2024,15
179,Intermittent,6,202406,2024,0
179,Intermittent,7,202407,2024,16
179,Intermittent,8,202408,2024,16
179,Intermittent,9,202409,2024,15
179,Intermittent,10,202410,2024,14
179,Intermittent,11,202411,2024,15
179,Intermittent,12,202412,2024,16
179,Intermittent,13,202501,2025,16
179,Intermittent,14,202502,2025,18
179,Intermittent,15,202503,2025,16
179,Intermittent,16,202504,2025,16
179,Intermittent,17,202505,2025,0
179,Intermittent,18,202506,2025,17
179,Intermittent,19,202507,2025,16
179,Intermittent,20,202508,2025,16
179,Intermittent,21,202509,2025,15
179,Intermittent,22,202510,2025,13
179,Intermittent,23,202511,2025,14
179,Intermittent,24,202512,2025,15
179,Intermittent,25,202601,2026,16
179,Intermittent,26,202602,2026,18
179,Intermittent,27,202603,2026,16
179,Intermittent,28,202604,2026,19
179,Intermittent,29,202605,2026,16
179,Intermittent,30,202606,2026,17
179,Intermittent,31,202607,2026,15
179,Intermittent,32,202608,2026,15
179,Intermittent,33,202609,2026,16
179,Intermittent,34,202610,2026,0
179,Intermittent,35,202611,2026,16
179,Intermittent,36,202612,2026,0
180,Intermittent,1,202401,2024,0
180,Intermittent,2,202402,2024,14
180,Intermittent,3,202403,2024,18
180,Intermittent,4,202404,2024,0
180,Intermittent,5,202405,2024,15
180,Intermittent,6,202406,2024,17
180,Intermittent,7,202407,2024,0
180,Intermittent,8,202408,2024,15
180,Intermittent,9,202409,2024,14
180,Intermittent,10,202410,2024,17
180,Intermittent,11,202411,2024,19
180,Intermittent,12,202412,2024,15
180,Intermittent,13,202501,2025,17
180,Intermittent,14,202502,2025,0
180,Intermittent,15,202503,2025,16
180,Intermittent,16,202504,2025,17
180,Intermittent,17,202505,2025,19
180,Intermittent,18,202506,2025,17
180,Intermittent,19,202507,2025,15
180,Intermittent,20,202508,2025,0
180,Intermittent,21,202509,2025,16
180,Intermittent,22,202510,2025,17
180,Intermittent,23,202511,2025,17
180,Intermittent,24,202512,2025,0
180,Intermittent,25,202601,2026,17
180,Intermittent,26,202602,2026,19
180,Intermittent,27,202603,2026,18
180,Intermittent,28,202604,2026,21
180,Intermittent,29,202605,2026,20
180,Intermittent,30,202606,2026,15
180,Intermittent,31,202607,2026,17
180,Intermittent,32,202608,2026,0
180,Intermittent,33,202609,2026,0
180,Intermittent,34,202610,2026,16
180,Intermittent,35,202611,2026,15
180,Intermittent,36,202612,2026,18
181,Intermittent,1,202401,2024,11
181,Intermittent,2,202402,2024,12
181,Intermittent,3,202403,2024,10
181,Intermittent,4,202404,2024,11
181,Intermittent,5,202405,2024,12
181,Intermittent,6,202406,2024,0
181,Intermittent,7,202407,2024,10
181,Intermittent,8,202408,2024,0
181,Intermittent,9,202409,2024,12
181,Intermittent,10,202410,2024,11
181,Intermittent,11,202411,2024,12
181,Intermittent,12,202412,2024,0
181,Intermittent,13,202501,2025,13
181,Intermittent,14,202502,2025,11
181,Intermittent,15,202503,2025,13
181,Intermittent,16,202504,2025,13
181,Intermittent,17,202505,2025,13
181,Intermittent,18,202506,2025,0
181,Intermittent,19,202507,2025,13
181,Intermittent,20,202508,2025,12
181,Intermittent,21,202509,2025,12
181,Intermittent,22,202510,2025,11
181,Intermittent,23,202511,2025,12
181,Intermittent,24,202512,2025,0
181,Intermittent,25,202601,2026,11
181,Intermittent,26,202602,2026,11
181,Intermittent,27,202603,2026,11
181,Intermittent,28,202604,2026,13
181,Intermittent,29,202605,2026,12
181,Intermittent,30,202606,2026,0
181,Intermittent,31,202607,2026,13
181,Intermittent,32,202608,2026,13
181,Intermittent,33,202609,2026,11
181,Intermittent,34,202610,2026,0
181,Intermittent,35,202611,2026,12
181,Intermittent,36,202612,2026,14
182,Intermittent,1,202401,2024,11
182,Intermittent,2,202402,2024,12
182,Intermittent,3,202403,2024,10
182,Intermittent,4,202404,2024,0
182,Intermittent,5,202405,2024,0
182,Intermittent,6,202406,2024,12
182,Intermittent,7,202407,2024,10
182,Intermittent,8,202408,2024,0
182,Intermittent,9,202409,2024,0
182,Intermittent,10,202410,2024,9
182,Intermittent,11,202411,2024,11
182,Intermittent,12,202412,2024,12
182,Intermittent,13,202501,2025,0
182,Intermittent,14,202502,2025,10
182,Intermittent,15,202503,2025,11
182,Intermittent,16,202504,2025,0
182,Intermittent,17,202505,2025,11
182,Intermittent,18,202506,2025,12
182,Intermittent,19,202507,2025,10
182,Intermittent,20,202508,2025,10
182,Intermittent,21,202509,2025,10
182,Intermittent,22,202510,2025,12
182,Intermittent,23,202511,2025,12
182,Intermittent,24,202512,2025,11
182,Intermittent,25,202601,2026,11
182,Intermittent,26,202602,2026,0
182,Intermittent,27,202603,2026,0
182,Intermittent,28,202604,2026,10
182,Intermittent,29,202605,2026,12
182,Intermittent,30,202606,2026,11
182,Intermittent,31,202607,2026,12
182,Intermittent,32,202608,2026,11
182,Intermittent,33,202609,2026,0
182,Intermittent,34,202610,2026,12
182,Intermittent,35,202611,2026,11
182,Intermittent,36,202612,2026,12
183,Intermittent,1,202401,2024,9
183,Intermittent,2,202402,2024,9
183,Intermittent,3,202403,2024,9
183,Intermittent,4,202404,2024,9
183,Intermittent,5,202405,2024,8
183,Intermittent,6,202406,2024,8
183,Intermittent,7,202407,2024,0
183,Intermittent,8,202408,2024,9
183,Intermittent,9,202409,2024,8
183,Intermittent,10,202410,2024,0
183,Intermittent,11,202411,2024,10
183,Intermittent,12,202412,2024,9
183,Intermittent,13,202501,2025,0
183,Intermittent,14,202502,2025,10
183,Intermittent,15,202503,2025,9
183,Intermittent,16,202504,2025,9
183,Intermittent,17,202505,2025,8
183,Intermittent,18,202506,2025,9
183,Intermittent,19,202507,2025,0
183,Intermittent,20,202508,2025,7
183,Intermittent,21,202509,2025,6
183,Intermittent,22,202510,2025,7
183,Intermittent,23,202511,2025,9
183,Intermittent,24,202512,2025,0
183,Intermittent,25,202601,2026,8
183,Intermittent,26,202602,2026,9
183,Intermittent,27,202603,2026,9
183,Intermittent,28,202604,2026,10
183,Intermittent,29,202605,2026,0
183,Intermittent,30,202606,2026,7
183,Intermittent,31,202607,2026,0
183,Intermittent,32,202608,2026,8
183,Intermittent,33,202609,2026,9
183,Intermittent,34,202610,2026,8
183,Intermittent,35,202611,2026,9
183,Intermittent,36,202612,2026,9
184,Intermittent,1,202401,2024,8
184,Intermittent,2,202402,2024,9
184,Intermittent,3,202403,2024,9
184,Intermittent,4,202404,2024,9
184,Intermittent,5,202405,2024,8
184,Intermittent,6,202406,2024,8
184,Intermittent,7,202407,2024,9
184,Intermittent,8,202408,2024,8
184,Intermittent,9,202409,2024,0
184,Intermittent,10,202410,2024,7
184,Intermittent,11,202411,2024,0
184,Intermittent,12,202412,2024,9
184,Intermittent,13,202501,2025,7
184,Intermittent,14,202502,2025,9
184,Intermittent,15,202503,2025,8
184,Intermittent,16,202504,2025,0
184,Intermittent,17,202505,2025,7
184,Intermittent,18,202506,2025,9
184,Intermittent,19,202507,2025,8
184,Intermittent,20,202508,2025,0
184,Intermittent,21,202509,2025,8
184,Intermittent,22,202510,2025,8
184,Intermittent,23,202511,2025,0
184,Intermittent,24,202512,2025,8
184,Intermittent,25,202601,2026,9
184,Intermittent,26,202602,2026,7
184,Intermittent,27,202603,2026,9
184,Intermittent,28,202604,2026,10
184,Intermittent,29,202605,2026,8
184,Intermittent,30,202606,2026,8
184,Intermittent,31,202607,2026,8
184,Intermittent,32,202608,2026,9
184,Intermittent,33,202609,2026,8
184,Intermittent,34,202610,2026,8
184,Intermittent,35,202611,2026,9
184,Intermittent,36,202612,2026,9
185,Intermittent,1,202401,2024,0
185,Intermittent,2,202402,2024,14
185,Intermittent,3,202403,2024,11
185,Intermittent,4,202404,2024,12
185,Intermittent,5,202405,2024,13
185,Intermittent,6,202406,2024,0
185,Intermittent,7,202407,2024,10
185,Intermittent,8,202408,2024,0
185,Intermittent,9,202409,2024,0
185,Intermittent,10,202410,2024,9
185,Intermittent,11,202411,2024,11
185,Intermittent,12,202412,2024,0
185,Intermittent,13,202501,2025,11
185,Intermittent,14,202502,2025,0
185,Intermittent,15,202503,2025,12
185,Intermittent,16,202504,2025,0
185,Intermittent,17,202505,2025,12
185,Intermittent,18,202506,2025,12
185,Intermittent,19,202507,2025,11
185,Intermittent,20,202508,2025,0
185,Intermittent,21,202509,2025,12
185,Intermittent,22,202510,2025,10
185,Intermittent,23,202511,2025,12
185,Intermittent,24,202512,2025,12
185,Intermittent,25,202601,2026,12
185,Intermittent,26,202602,2026,0
185,Intermittent,27,202603,2026,0
185,Intermittent,28,202604,2026,12
185,Intermittent,29,202605,2026,14
185,Intermittent,30,202606,2026,13
185,Intermittent,31,202607,2026,11
185,Intermittent,32,202608,2026,11
185,Intermittent,33,202609,2026,11
185,Intermittent,34,202610,2026,13
185,Intermittent,35,202611,2026,12
185,Intermittent,36,202612,2026,13
186,Intermittent,1,202401,2024,14
186,Intermittent,2,202402,2024,0
186,Intermittent,3,202403,2024,16
186,Intermittent,4,202404,2024,14
186,Intermittent,5,202405,2024,16
186,Intermittent,6,202406,2024,0
186,Intermittent,7,202407,2024,14
186,Intermittent,8,202408,2024,13
186,Intermittent,9,202409,2024,13
186,Intermittent,10,202410,2024,13
186,Intermittent,11,202411,2024,0
186,Intermittent,12,202412,2024,14
186,Intermittent,13,202501,2025,13
186,Intermittent,14,202502,2025,13
186,Intermittent,15,202503,2025,0
186,Intermittent,16,202504,2025,16
186,Intermittent,17,202505,2025,14
186,Intermittent,18,202506,2025,14
186,Intermittent,19,202507,2025,14
186,Intermittent,20,202508,2025,0
186,Intermittent,21,202509,2025,12
186,Intermittent,22,202510,2025,12
186,Intermittent,23,202511,2025,13
186,Intermittent,24,202512,2025,15
186,Intermittent,25,202601,2026,14
186,Intermittent,26,202602,2026,13
186,Intermittent,27,202603,2026,0
186,Intermittent,28,202604,2026,0
186,Intermittent,29,202605,2026,0
186,Intermittent,30,202606,2026,0
186,Intermittent,31,202607,2026,0
186,Intermittent,32,202608,2026,14
186,Intermittent,33,202609,2026,15
186,Intermittent,34,202610,2026,15
186,Intermittent,35,202611,2026,15
186,Intermittent,36,202612,2026,14
187,Intermittent,1,202401,2024,10
187,Intermittent,2,202402,2024,10
187,Intermittent,3,202403,2024,9
187,Intermittent,4,202404,2024,0
187,Intermittent,5,202405,2024,10
187,Intermittent,6,202406,2024,0
187,Intermittent,7,202407,2024,8
187,Intermittent,8,202408,2024,10
187,Intermittent,9,202409,2024,9
187,Intermittent,10,202410,2024,9
187,Intermittent,11,202411,2024,10
187,Intermittent,12,202412,2024,0
187,Intermittent,13,202501,2025,8
187,Intermittent,14,202502,2025,0
187,Intermittent,15,202503,2025,0
187,Intermittent,16,202504,2025,11
187,Intermittent,17,202505,2025,8
187,Intermittent,18,202506,2025,9
187,Intermittent,19,202507,2025,9
187,Intermittent,20,202508,2025,8
187,Intermittent,21,202509,2025,9
187,Intermittent,22,202510,2025,9
187,Intermittent,23,202511,2025,10
187,Intermittent,24,202512,2025,10
187,Intermittent,25,202601,2026,11
187,Intermittent,26,202602,2026,9
187,Intermittent,27,202603,2026,0
187,Intermittent,28,202604,2026,9
187,Intermittent,29,202605,2026,9
187,Intermittent,30,202606,2026,10
187,Intermittent,31,202607,2026,9
187,Intermittent,32,202608,2026,7
187,Intermittent,33,202609,2026,10
187,Intermittent,34,202610,2026,8
187,Intermittent,35,202611,2026,10
187,Intermittent,36,202612,2026,0
188,Intermittent,1,202401,2024,10
188,Intermittent,2,202402,2024,11
188,Intermittent,3,202403,2024,11
188,Intermittent,4,202404,2024,10
188,Intermittent,5,202405,2024,0
188,Intermittent,6,202406,2024,9
188,Intermittent,7,202407,2024,10
188,Intermittent,8,202408,2024,11
188,Intermittent,9,202409,2024,9
188,Intermittent,10,202410,2024,9
188,Intermittent,11,202411,2024,10
188,Intermittent,12,202412,2024,9
188,Intermittent,13,202501,2025,10
188,Intermittent,14,202502,2025,10
188,Intermittent,15,202503,2025,11
188,Intermittent,16,202504,2025,9
188,Intermittent,17,202505,2025,11
188,Intermittent,18,202506,2025,0
188,Intermittent,19,202507,2025,10
188,Intermittent,20,202508,2025,10
188,Intermittent,21,202509,2025,10
188,Intermittent,22,202510,2025,10
188,Intermittent,23,202511,2025,10
188,Intermittent,24,202512,2025,0
188,Intermittent,25,202601,2026,12
188,Intermittent,26,202602,2026,9
188,Intermittent,27,202603,2026,11
188,Intermittent,28,202604,2026,10
188,Intermittent,29,202605,2026,10
188,Intermittent,30,202606,2026,10
188,Intermittent,31,202607,2026,10
188,Intermittent,32,202608,2026,9
188,Intermittent,33,202609,2026,9
188,Intermittent,34,202610,2026,0
188,Intermittent,35,202611,2026,0
188,Intermittent,36,202612,2026,10
189,Intermittent,1,202401,2024,0
189,Intermittent,2,202402,2024,0
189,Intermittent,3,202403,2024,12
189,Intermittent,4,202404,2024,12
189,Intermittent,5,202405,2024,0
189,Intermittent,6,202406,2024,10
189,Intermittent,7,202407,2024,10
189,Intermittent,8,202408,2024,10
189,Intermittent,9,202409,2024,11
189,Intermittent,10,202410,2024,0
189,Intermittent,11,202411,2024,14
189,Intermittent,12,202412,2024,0
189,Intermittent,13,202501,2025,12
189,Intermittent,14,202502,2025,13
189,Intermittent,15,202503,2025,11
189,Intermittent,16,202504,2025,11
189,Intermittent,17,202505,2025,12
189,Intermittent,18,202506,2025,11
189,Intermittent,19,202507,2025,0
189,Intermittent,20,202508,2025,10
189,Intermittent,21,202509,2025,0
189,Intermittent,22,202510,2025,12
189,Intermittent,23,202511,2025,0
189,Intermittent,24,202512,2025,12
189,Intermittent,25,202601,2026,0
189,Intermittent,26,202602,2026,14
189,Intermittent,27,202603,2026,12
189,Intermittent,28,202604,2026,14
189,Intermittent,29,202605,2026,0
189,Intermittent,30,202606,2026,11
189,Intermittent,31,202607,2026,0
189,Intermittent,32,202608,2026,11
189,Intermittent,33,202609,2026,10
189,Intermittent,34,202610,2026,12
189,Intermittent,35,202611,2026,13
189,Intermittent,36,202612,2026,13
190,Intermittent,1,202401,2024,12
190,Intermittent,2,202402,2024,0
190,Intermittent,3,202403,2024,14
190,Intermittent,4,202404,2024,12
190,Intermittent,5,202405,2024,13
190,Intermittent,6,202406,2024,0
190,Intermittent,7,202407,2024,14
190,Intermittent,8,202408,2024,13
190,Intermittent,9,202409,2024,13
190,Intermittent,10,202410,2024,15
190,Intermittent,11,202411,2024,11
190,Intermittent,12,202412,2024,15
190,Intermittent,13,202501,2025,16
190,Intermittent,14,202502,2025,16
190,Intermittent,15,202503,2025,15
190,Intermittent,16,202504,2025,13
190,Intermittent,17,202505,2025,0
190,Intermittent,18,202506,2025,14
190,Intermittent,19,202507,2025,15
190,Intermittent,20,202508,2025,0
190,Intermittent,21,202509,2025,14
190,Intermittent,22,202510,2025,15
190,Intermittent,23,202511,2025,12
190,Intermittent,24,202512,2025,15
190,Intermittent,25,202601,2026,15
190,Intermittent,26,202602,2026,13
190,Intermittent,27,202603,2026,0
190,Intermittent,28,202604,2026,14
190,Intermittent,29,202605,2026,13
190,Intermittent,30,202606,2026,14
190,Intermittent,31,202607,2026,0
190,Intermittent,32,202608,2026,14
190,Intermittent,33,202609,2026,13
190,Intermittent,34,202610,2026,0
190,Intermittent,35,202611,2026,13
190,Intermittent,36,202612,2026,0
191,Intermittent,1,202401,2024,8
191,Intermittent,2,202402,2024,9
191,Intermittent,3,202403,2024,0
191,Intermittent,4,202404,2024,9
191,Intermittent,5,202405,2024,9
191,Intermittent,6,202406,2024,8
191,Intermittent,7,202407,2024,8
191,Intermittent,8,202408,2024,0
191,Intermittent,9,202409,2024,7
191,Intermittent,10,202410,2024,7
191,Intermittent,11,202411,2024,9
191,Intermittent,12,202412,2024,0
191,Intermittent,13,202501,2025,9
191,Intermittent,14,202502,2025,0
191,Intermittent,15,202503,2025,8
191,Intermittent,16,202504,2025,7
191,Intermittent,17,202505,2025,9
191,Intermittent,18,202506,2025,9
191,Intermittent,19,202507,2025,8
191,Intermittent,20,202508,2025,8
191,Intermittent,21,202509,2025,9
191,Intermittent,22,202510,2025,8
191,Intermittent,23,202511,2025,9
191,Intermittent,24,202512,2025,9
191,Intermittent,25,202601,2026,8
191,Intermittent,26,202602,2026,9
191,Intermittent,27,202603,2026,10
191,Intermittent,28,202604,2026,9
191,Intermittent,29,202605,2026,9
191,Intermittent,30,202606,2026,0
191,Intermittent,31,202607,2026,10
191,Intermittent,32,202608,2026,9
191,Intermittent,33,202609,2026,8
191,Intermittent,34,202610,2026,8
191,Intermittent,35,202611,2026,10
191,Intermittent,36,202612,2026,9
192,Intermittent,1,202401,2024,13
192,Intermittent,2,202402,2024,0
192,Intermittent,3,202403,2024,14
192,Intermittent,4,202404,2024,14
192,Intermittent,5,202405,2024,13
192,Intermittent,6,202406,2024,11
192,Intermittent,7,202407,2024,10
192,Intermittent,8,202408,2024,0
192,Intermittent,9,202409,2024,12
192,Intermittent,10,202410,2024,11
192,Intermittent,11,202411,2024,11
192,Intermittent,12,202412,2024,0
192,Intermittent,13,202501,2025,0
192,Intermittent,14,202502,2025,12
192,Intermittent,15,202503,2025,0
192,Intermittent,16,202504,2025,14
192,Intermittent,17,202505,2025,14
192,Intermittent,18,202506,2025,13
192,Intermittent,19,202507,2025,12
192,Intermittent,20,202508,2025,0
192,Intermittent,21,202509,2025,13
192,Intermittent,22,202510,2025,13
192,Intermittent,23,202511,2025,14
192,Intermittent,24,202512,2025,13
192,Intermittent,25,202601,2026,11
192,Intermittent,26,202602,2026,0
192,Intermittent,27,202603,2026,12
192,Intermittent,28,202604,2026,13
192,Intermittent,29,202605,2026,13
192,Intermittent,30,202606,2026,0
192,Intermittent,31,202607,2026,12
192,Intermittent,32,202608,2026,13
192,Intermittent,33,202609,2026,12
192,Intermittent,34,202610,2026,12
192,Intermittent,35,202611,2026,0
192,Intermittent,36,202612,2026,13
193,Intermittent,1,202401,2024,11
193,Intermittent,2,202402,2024,0
193,Intermittent,3,202403,2024,14
193,Intermittent,4,202404,2024,13
193,Intermittent,5,202405,2024,12
193,Intermittent,6,202406,2024,10
193,Intermittent,7,202407,2024,12
193,Intermittent,8,202408,2024,11
193,Intermittent,9,202409,2024,12
193,Intermittent,10,202410,2024,9
193,Intermittent,11,202411,2024,13
193,Intermittent,12,202412,2024,12
193,Intermittent,13,202501,2025,13
193,Intermittent,14,202502,2025,12
193,Intermittent,15,202503,2025,12
193,Intermittent,16,202504,2025,12
193,Intermittent,17,202505,2025,13
193,Intermittent,18,202506,2025,12
193,Intermittent,19,202507,2025,12
193,Intermittent,20,202508,2025,12
193,Intermittent,21,202509,2025,0
193,Intermittent,22,202510,2025,0
193,Intermittent,23,202511,2025,12
193,Intermittent,24,202512,2025,12
193,Intermittent,25,202601,2026,10
193,Intermittent,26,202602,2026,11
193,Intermittent,27,202603,2026,12
193,Intermittent,28,202604,2026,0
193,Intermittent,29,202605,2026,0
193,Intermittent,30,202606,2026,0
193,Intermittent,31,202607,2026,0
193,Intermittent,32,202608,2026,0
193,Intermittent,33,202609,2026,12
193,Intermittent,34,202610,2026,12
193,Intermittent,35,202611,2026,11
193,Intermittent,36,202612,2026,0
194,Intermittent,1,202401,2024,9
194,Intermittent,2,202402,2024,0
194,Intermittent,3,202403,2024,8
194,Intermittent,4,202404,2024,9
194,Intermittent,5,202405,2024,9
194,Intermittent,6,202406,2024,8
194,Intermittent,7,202407,2024,8
194,Intermittent,8,202408,2024,8
194,Intermittent,9,202409,2024,8
194,Intermittent,10,202410,2024,7
194,Intermittent,11,202411,2024,7
194,Intermittent,12,202412,2024,0
194,Intermittent,13,202501,2025,0
194,Intermittent,14,202502,2025,10
194,Intermittent,15,202503,2025,0
194,Intermittent,16,202504,2025,9
194,Intermittent,17,202505,2025,0
194,Intermittent,18,202506,2025,9
194,Intermittent,19,202507,2025,9
194,Intermittent,20,202508,2025,0
194,Intermittent,21,202509,2025,8
194,Intermittent,22,202510,2025,10
194,Intermittent,23,202511,2025,9
194,Intermittent,24,202512,2025,9
194,Intermittent,25,202601,2026,0
194,Intermittent,26,202602,2026,10
194,Intermittent,27,202603,2026,9
194,Intermittent,28,202604,2026,9
194,Intermittent,29,202605,2026,0
194,Intermittent,30,202606,2026,8
194,Intermittent,31,202607,2026,10
194,Intermittent,32,202608,2026,9
194,Intermittent,33,202609,2026,8
194,Intermittent,34,202610,2026,8
194,Intermittent,35,202611,2026,9
194,Intermittent,36,202612,2026,9
195,Intermittent,1,202401,2024,0
195,Intermittent,2,202402,2024,14
195,Intermittent,3,202403,2024,0
195,Intermittent,4,202404,2024,16
195,Intermittent,5,202405,2024,12
195,Intermittent,6,202406,2024,0
195,Intermittent,7,202407,2024,0
195,Intermittent,8,202408,2024,13
195,Intermittent,9,202409,2024,13
195,Intermittent,10,202410,2024,14
195,Intermittent,11,202411,2024,12
195,Intermittent,12,202412,2024,14
195,Intermittent,13,202501,2025,13
195,Intermittent,14,202502,2025,14
195,Intermittent,15,202503,2025,16
195,Intermittent,16,202504,2025,15
195,Intermittent,17,202505,2025,14
195,Intermittent,18,202506,2025,13
195,Intermittent,19,202507,2025,0
195,Intermittent,20,202508,2025,12
195,Intermittent,21,202509,2025,14
195,Intermittent,22,202510,2025,13
195,Intermittent,23,202511,2025,13
195,Intermittent,24,202512,2025,12
195,Intermittent,25,202601,2026,15
195,Intermittent,26,202602,2026,12
195,Intermittent,27,202603,2026,15
195,Intermittent,28,202604,2026,15
195,Intermittent,29,202605,2026,13
195,Intermittent,30,202606,2026,14
195,Intermittent,31,202607,2026,15
195,Intermittent,32,202608,2026,14
195,Intermittent,33,202609,2026,14
195,Intermittent,34,202610,2026,14
195,Intermittent,35,202611,2026,13
195,Intermittent,36,202612,2026,0
196,Intermittent,1,202401,2024,10
196,Intermittent,2,202402,2024,9
196,Intermittent,3,202403,2024,10
196,Intermittent,4,202404,2024,9
196,Intermittent,5,202405,2024,10
196,Intermittent,6,202406,2024,9
196,Intermittent,7,202407,2024,10
196,Intermittent,8,202408,2024,9
196,Intermittent,9,202409,2024,11
196,Intermittent,10,202410,2024,0
196,Intermittent,11,202411,2024,0
196,Intermittent,12,202412,2024,10
196,Intermittent,13,202501,2025,0
196,Intermittent,14,202502,2025,11
196,Intermittent,15,202503,2025,11
196,Intermittent,16,202504,2025,0
196,Intermittent,17,202505,2025,8
196,Intermittent,18,202506,2025,9
196,Intermittent,19,202507,2025,0
196,Intermittent,20,202508,2025,8
196,Intermittent,21,202509,2025,9
196,Intermittent,22,202510,2025,10
196,Intermittent,23,202511,2025,9
196,Intermittent,24,202512,2025,10
196,Intermittent,25,202601,2026,9
196,Intermittent,26,202602,2026,10
196,Intermittent,27,202603,2026,10
196,Intermittent,28,202604,2026,0
196,Intermittent,29,202605,2026,0
196,Intermittent,30,202606,2026,10
196,Intermittent,31,202607,2026,0
196,Intermittent,32,202608,2026,9
196,Intermittent,33,202609,2026,9
196,Intermittent,34,202610,2026,8
196,Intermittent,35,202611,2026,0
196,Intermittent,36,202612,2026,0
197,Intermittent,1,202401,2024,13
197,Intermittent,2,202402,2024,14
197,Intermittent,3,202403,2024,13
197,Intermittent,4,202404,2024,13
197,Intermittent,5,202405,2024,0
197,Intermittent,6,202406,2024,0
197,Intermittent,7,202407,2024,11
197,Intermittent,8,202408,2024,12
197,Intermittent,9,202409,2024,14
197,Intermittent,10,202410,2024,12
197,Intermittent,11,202411,2024,0
197,Intermittent,12,202412,2024,11
197,Intermittent,13,202501,2025,11
197,Intermittent,14,202502,2025,0
197,Intermittent,15,202503,2025,15
197,Intermittent,16,202504,2025,13
197,Intermittent,17,202505,2025,0
197,Intermittent,18,202506,2025,0
197,Intermittent,19,202507,2025,14
197,Intermittent,20,202508,2025,14
197,Intermittent,21,202509,2025,11
197,Intermittent,22,202510,2025,12
197,Intermittent,23,202511,2025,14
197,Intermittent,24,202512,2025,15
197,Intermittent,25,202601,2026,14
197,Intermittent,26,202602,2026,13
197,Intermittent,27,202603,2026,14
197,Intermittent,28,202604,2026,0
197,Intermittent,29,202605,2026,15
197,Intermittent,30,202606,2026,14
197,Intermittent,31,202607,2026,0
197,Intermittent,32,202608,2026,13
197,Intermittent,33,202609,2026,13
197,Intermittent,34,202610,2026,14
197,Intermittent,35,202611,2026,15
197,Intermittent,36,202612,2026,0
198,Intermittent,1,202401,2024,8
198,Intermittent,2,202402,2024,0
198,Intermittent,3,202403,2024,9
198,Intermittent,4,202404,2024,9
198,Intermittent,5,202405,2024,0
198,Intermittent,6,202406,2024,8
198,Intermittent,7,202407,2024,0
198,Intermittent,8,202408,2024,9
198,Intermittent,9,202409,2024,0
198,Intermittent,10,202410,2024,8
198,Intermittent,11,202411,2024,8
198,Intermittent,12,202412,2024,0
198,Intermittent,13,202501,2025,9
198,Intermittent,14,202502,2025,9
198,Intermittent,15,202503,2025,0
198,Intermittent,16,202504,2025,0
198,Intermittent,17,202505,2025,0
198,Intermittent,18,202506,2025,9
198,Intermittent,19,202507,2025,10
198,Intermittent,20,202508,2025,0
198,Intermittent,21,202509,2025,8
198,Intermittent,22,202510,2025,0
198,Intermittent,23,202511,2025,9
198,Intermittent,24,202512,2025,9
198,Intermittent,25,202601,2026,9
198,Intermittent,26,202602,2026,10
198,Intermittent,27,202603,2026,0
198,Intermittent,28,202604,2026,0
198,Intermittent,29,202605,2026,0
198,Intermittent,30,202606,2026,9
198,Intermittent,31,202607,2026,9
198,Intermittent,32,202608,2026,9
198,Intermittent,33,202609,2026,0
198,Intermittent,34,202610,2026,8
198,Intermittent,35,202611,2026,0
198,Intermittent,36,202612,2026,10
199,Intermittent,1,202401,2024,0
199,Intermittent,2,202402,2024,11
199,Intermittent,3,202403,2024,11
199,Intermittent,4,202404,2024,10
199,Intermittent,5,202405,2024,12
199,Intermittent,6,202406,2024,11
199,Intermittent,7,202407,2024,0
199,Intermittent,8,202408,2024,0
199,Intermittent,9,202409,2024,11
199,Intermittent,10,202410,2024,10
199,Intermittent,11,202411,2024,12
199,Intermittent,12,202412,2024,0
199,Intermittent,13,202501,2025,0
199,Intermittent,14,202502,2025,0
199,Intermittent,15,202503,2025,12
199,Intermittent,16,202504,2025,12
199,Intermittent,17,202505,2025,11
199,Intermittent,18,202506,2025,11
199,Intermittent,19,202507,2025,0
199,Intermittent,20,202508,2025,10
199,Intermittent,21,202509,2025,10
199,Intermittent,22,202510,2025,10
199,Intermittent,23,202511,2025,0
199,Intermittent,24,202512,2025,0
199,Intermittent,25,202601,2026,10
199,Intermittent,26,202602,2026,12
199,Intermittent,27,202603,2026,11
199,Intermittent,28,202604,2026,11
199,Intermittent,29,202605,2026,12
199,Intermittent,30,202606,2026,0
199,Intermittent,31,202607,2026,11
199,Intermittent,32,202608,2026,11
199,Intermittent,33,202609,2026,10
199,Intermittent,34,202610,2026,0
199,Intermittent,35,202611,2026,12
199,Intermittent,36,202612,2026,11
200,Intermittent,1,202401,2024,13
200,Intermittent,2,202402,2024,16
200,Intermittent,3,202403,2024,16
200,Intermittent,4,202404,2024,16
200,Intermittent,5,202405,2024,0
200,Intermittent,6,202406,2024,16
200,Intermittent,7,202407,2024,13
200,Intermittent,8,202408,2024,0
200,Intermittent,9,202409,2024,14
200,Intermittent,10,202410,2024,16
200,Intermittent,11,202411,2024,13
200,Intermittent,12,202412,2024,17
200,Intermittent,13,202501,2025,15
200,Intermittent,14,202502,2025,18
200,Intermittent,15,202503,2025,13
200,Intermittent,16,202504,2025,18
200,Intermittent,17,202505,2025,0
200,Intermittent,18,202506,2025,16
200,Intermittent,19,202507,2025,14
200,Intermittent,20,202508,2025,0
200,Intermittent,21,202509,2025,15
200,Intermittent,22,202510,2025,0
200,Intermittent,23,202511,2025,16
200,Intermittent,24,202512,2025,15
200,Intermittent,25,202601,2026,16
200,Intermittent,26,202602,2026,0
200,Intermittent,27,202603,2026,0
200,Intermittent,28,202604,2026,15
200,Intermittent,29,202605,2026,17
200,Intermittent,30,202606,2026,0
200,Intermittent,31,202607,2026,14
200,Intermittent,32,202608,2026,0
200,Intermittent,33,202609,2026,0
200,Intermittent,34,202610,2026,0
200,Intermittent,35,202611,2026,0
200,Intermittent,36,202612,2026,15
201,Intermittent,1,202401,2024,9
201,Intermittent,2,202402,2024,10
201,Intermittent,3,202403,2024,10
201,Intermittent,4,202404,2024,10
201,Intermittent,5,202405,2024,0
201,Intermittent,6,202406,2024,10
201,Intermittent,7,202407,2024,0
201,Intermittent,8,202408,2024,11
201,Intermittent,9,202409,2024,10
201,Intermittent,10,202410,2024,0
201,Intermittent,11,202411,2024,10
201,Intermittent,12,202412,2024,0
201,Intermittent,13,202501,2025,10
201,Intermittent,14,202502,2025,9
201,Intermittent,15,202503,2025,11
201,Intermittent,16,202504,2025,9
201,Intermittent,17,202505,2025,10
201,Intermittent,18,202506,2025,10
201,Intermittent,19,202507,2025,9
201,Intermittent,20,202508,2025,10
201,Intermittent,21,202509,2025,11
201,Intermittent,22,202510,2025,10
201,Intermittent,23,202511,2025,11
201,Intermittent,24,202512,2025,0
201,Intermittent,25,202601,2026,12
201,Intermittent,26,202602,2026,0
201,Intermittent,27,202603,2026,11
201,Intermittent,28,202604,2026,12
201,Intermittent,29,202605,2026,11
201,Intermittent,30,202606,2026,0
201,Intermittent,31,202607,2026,0
201,Intermittent,32,202608,2026,9
201,Intermittent,33,202609,2026,9
201,Intermittent,34,202610,2026,10
201,Intermittent,35,202611,2026,10
201,Intermittent,36,202612,2026,11
202,Intermittent,1,202401,2024,8
202,Intermittent,2,202402,2024,9
202,Intermittent,3,202403,2024,10
202,Intermittent,4,202404,2024,10
202,Intermittent,5,202405,2024,10
202,Intermittent,6,202406,2024,9
202,Intermittent,7,202407,2024,8
202,Intermittent,8,202408,2024,8
202,Intermittent,9,202409,2024,9
202,Intermittent,10,202410,2024,9
202,Intermittent,11,202411,2024,0
202,Intermittent,12,202412,2024,8
202,Intermittent,13,202501,2025,10
202,Intermittent,14,202502,2025,10
202,Intermittent,15,202503,2025,11
202,Intermittent,16,202504,2025,10
202,Intermittent,17,202505,2025,10
202,Intermittent,18,202506,2025,10
202,Intermittent,19,202507,2025,9
202,Intermittent,20,202508,2025,9
202,Intermittent,21,202509,2025,0
202,Intermittent,22,202510,2025,10
202,Intermittent,23,202511,2025,10
202,Intermittent,24,202512,2025,10
202,Intermittent,25,202601,2026,0
202,Intermittent,26,202602,2026,10
202,Intermittent,27,202603,2026,9
202,Intermittent,28,202604,2026,0
202,Intermittent,29,202605,2026,0
202,Intermittent,30,202606,2026,9
202,Intermittent,31,202607,2026,12
202,Intermittent,32,202608,2026,11
202,Intermittent,33,202609,2026,9
202,Intermittent,34,202610,2026,0
202,Intermittent,35,202611,2026,0
202,Intermittent,36,202612,2026,10
203,Intermittent,1,202401,2024,13
203,Intermittent,2,202402,2024,14
203,Intermittent,3,202403,2024,12
203,Intermittent,4,202404,2024,0
203,Intermittent,5,202405,2024,11
203,Intermittent,6,202406,2024,13
203,Intermittent,7,202407,2024,10
203,Intermittent,8,202408,2024,12
203,Intermittent,9,202409,2024,13
203,Intermittent,10,202410,2024,12
203,Intermittent,11,202411,2024,13
203,Intermittent,12,202412,2024,13
203,Intermittent,13,202501,2025,12
203,Intermittent,14,202502,2025,13
203,Intermittent,15,202503,2025,13
203,Intermittent,16,202504,2025,0
203,Intermittent,17,202505,2025,12
203,Intermittent,18,202506,2025,12
203,Intermittent,19,202507,2025,11
203,Intermittent,20,202508,2025,12
203,Intermittent,21,202509,2025,11
203,Intermittent,22,202510,2025,11
203,Intermittent,23,202511,2025,0
203,Intermittent,24,202512,2025,0
203,Intermittent,25,202601,2026,13
203,Intermittent,26,202602,2026,0
203,Intermittent,27,202603,2026,13
203,Intermittent,28,202604,2026,14
203,Intermittent,29,202605,2026,12
203,Intermittent,30,202606,2026,12
203,Intermittent,31,202607,2026,11
203,Intermittent,32,202608,2026,12
203,Intermittent,33,202609,2026,0
203,Intermittent,34,202610,2026,13
203,Intermittent,35,202611,2026,11
203,Intermittent,36,202612,2026,13
204,Intermittent,1,202401,2024,0
204,Intermittent,2,202402,2024,15
204,Intermittent,3,202403,2024,14
204,Intermittent,4,202404,2024,16
204,Intermittent,5,202405,2024,13
204,Intermittent,6,202406,2024,0
204,Intermittent,7,202407,2024,14
204,Intermittent,8,202408,2024,0
204,Intermittent,9,202409,2024,17
204,Intermittent,10,202410,2024,14
204,Intermittent,11,202411,2024,14
204,Intermittent,12,202412,2024,14
204,Intermittent,13,202501,2025,17
204,Intermittent,14,202502,2025,18
204,Intermittent,15,202503,2025,16
204,Intermittent,16,202504,2025,17
204,Intermittent,17,202505,2025,14
204,Intermittent,18,202506,2025,17
204,Intermittent,19,202507,2025,17
204,Intermittent,20,202508,2025,16
204,Intermittent,21,202509,2025,13
204,Intermittent,22,202510,2025,15
204,Intermittent,23,202511,2025,18
204,Intermittent,24,202512,2025,17
204,Intermittent,25,202601,2026,0
204,Intermittent,26,202602,2026,18
204,Intermittent,27,202603,2026,0
204,Intermittent,28,202604,2026,17
204,Intermittent,29,202605,2026,18
204,Intermittent,30,202606,2026,0
204,Intermittent,31,202607,2026,16
204,Intermittent,32,202608,2026,15
204,Intermittent,33,202609,2026,15
204,Intermittent,34,202610,2026,15
204,Intermittent,35,202611,2026,15
204,Intermittent,36,202612,2026,16
205,Intermittent,1,202401,2024,12
205,Intermittent,2,202402,2024,11
205,Intermittent,3,202403,2024,12
205,Intermittent,4,202404,2024,11
205,Intermittent,5,202405,2024,0
205,Intermittent,6,202406,2024,12
205,Intermittent,7,202407,2024,11
205,Intermittent,8,202408,2024,13
205,Intermittent,9,202409,2024,10
205,Intermittent,10,202410,2024,12
205,Intermittent,11,202411,2024,0
205,Intermittent,12,202412,2024,12
205,Intermittent,13,202501,2025,13
205,Intermittent,14,202502,2025,11
205,Intermittent,15,202503,2025,0
205,Intermittent,16,202504,2025,13
205,Intermittent,17,202505,2025,11
205,Intermittent,18,202506,2025,13
205,Intermittent,19,202507,2025,12
205,Intermittent,20,202508,2025,13
205,Intermittent,21,202509,2025,12
205,Intermittent,22,202510,2025,0
205,Intermittent,23,202511,2025,12
205,Intermittent,24,202512,2025,0
205,Intermittent,25,202601,2026,13
205,Intermittent,26,202602,2026,13
205,Intermittent,27,202603,2026,13
205,Intermittent,28,202604,2026,13
205,Intermittent,29,202605,2026,12
205,Intermittent,30,202606,2026,13
205,Intermittent,31,202607,2026,11
205,Intermittent,32,202608,2026,11
205,Intermittent,33,202609,2026,0
205,Intermittent,34,202610,2026,12
205,Intermittent,35,202611,2026,0
205,Intermittent,36,202612,2026,0
206,Intermittent,1,202401,2024,13
206,Intermittent,2,202402,2024,14
206,Intermittent,3,202403,2024,14
206,Intermittent,4,202404,2024,0
206,Intermittent,5,202405,2024,15
206,Intermittent,6,202406,2024,14
206,Intermittent,7,202407,2024,14
206,Intermittent,8,202408,2024,11
206,Intermittent,9,202409,2024,12
206,Intermittent,10,202410,2024,10
206,Intermittent,11,202411,2024,12
206,Intermittent,12,202412,2024,13
206,Intermittent,13,202501,2025,14
206,Intermittent,14,202502,2025,15
206,Intermittent,15,202503,2025,0
206,Intermittent,16,202504,2025,0
206,Intermittent,17,202505,2025,14
206,Intermittent,18,202506,2025,14
206,Intermittent,19,202507,2025,11
206,Intermittent,20,202508,2025,0
206,Intermittent,21,202509,2025,12
206,Intermittent,22,202510,2025,13
206,Intermittent,23,202511,2025,14
206,Intermittent,24,202512,2025,14
206,Intermittent,25,202601,2026,14
206,Intermittent,26,202602,2026,16
206,Intermittent,27,202603,2026,13
206,Intermittent,28,202604,2026,0
206,Intermittent,29,202605,2026,13
206,Intermittent,30,202606,2026,13
206,Intermittent,31,202607,2026,14
206,Intermittent,32,202608,2026,13
206,Intermittent,33,202609,2026,15
206,Intermittent,34,202610,2026,15
206,Intermittent,35,202611,2026,0
206,Intermittent,36,202612,2026,14
207,Intermittent,1,202401,2024,12
207,Intermittent,2,202402,2024,12
207,Intermittent,3,202403,2024,12
207,Intermittent,4,202404,2024,0
207,Intermittent,5,202405,2024,0
207,Intermittent,6,202406,2024,10
207,Intermittent,7,202407,2024,10
207,Intermittent,8,202408,2024,11
207,Intermittent,9,202409,2024,10
207,Intermittent,10,202410,2024,0
207,Intermittent,11,202411,2024,12
207,Intermittent,12,202412,2024,10
207,Intermittent,13,202501,2025,11
207,Intermittent,14,202502,2025,10
207,Intermittent,15,202503,2025,12
207,Intermittent,16,202504,2025,0
207,Intermittent,17,202505,2025,12
207,Intermittent,18,202506,2025,12
207,Intermittent,19,202507,2025,12
207,Intermittent,20,202508,2025,12
207,Intermittent,21,202509,2025,0
207,Intermittent,22,202510,2025,12
207,Intermittent,23,202511,2025,11
207,Intermittent,24,202512,2025,12
207,Intermittent,25,202601,2026,0
207,Intermittent,26,202602,2026,0
207,Intermittent,27,202603,2026,11
207,Intermittent,28,202604,2026,12
207,Intermittent,29,202605,2026,11
207,Intermittent,30,202606,2026,12
207,Intermittent,31,202607,2026,0
207,Intermittent,32,202608,2026,0
207,Intermittent,33,202609,2026,13
207,Intermittent,34,202610,2026,11
207,Intermittent,35,202611,2026,12
207,Intermittent,36,202612,2026,13
208,Intermittent,1,202401,2024,0
208,Intermittent,2,202402,2024,17
208,Intermittent,3,202403,2024,15
208,Intermittent,4,202404,2024,17
208,Intermittent,5,202405,2024,16
208,Intermittent,6,202406,2024,12
208,Intermittent,7,202407,2024,14
208,Intermittent,8,202408,2024,14
208,Intermittent,9,202409,2024,12
208,Intermittent,10,202410,2024,13
208,Intermittent,11,202411,2024,16
208,Intermittent,12,202412,2024,15
208,Intermittent,13,202501,2025,17
208,Intermittent,14,202502,2025,16
208,Intermittent,15,202503,2025,16
208,Intermittent,16,202504,2025,14
208,Intermittent,17,202505,2025,14
208,Intermittent,18,202506,2025,14
208,Intermittent,19,202507,2025,0
208,Intermittent,20,202508,2025,13
208,Intermittent,21,202509,2025,16
208,Intermittent,22,202510,2025,0
208,Intermittent,23,202511,2025,13
208,Intermittent,24,202512,2025,15
208,Intermittent,25,202601,2026,16
208,Intermittent,26,202602,2026,15
208,Intermittent,27,202603,2026,15
208,Intermittent,28,202604,2026,16
208,Intermittent,29,202605,2026,14
208,Intermittent,30,202606,2026,13
208,Intermittent,31,202607,2026,15
208,Intermittent,32,202608,2026,13
208,Intermittent,33,202609,2026,13
208,Intermittent,34,202610,2026,14
208,Intermittent,35,202611,2026,15
208,Intermittent,36,202612,2026,12
209,Intermittent,1,202401,2024,10
209,Intermittent,2,202402,2024,0
209,Intermittent,3,202403,2024,0
209,Intermittent,4,202404,2024,11
209,Intermittent,5,202405,2024,12
209,Intermittent,6,202406,2024,12
209,Intermittent,7,202407,2024,9
209,Intermittent,8,202408,2024,10
209,Intermittent,9,202409,2024,10
209,Intermittent,10,202410,2024,10
209,Intermittent,11,202411,2024,11
209,Intermittent,12,202412,2024,10
209,Intermittent,13,202501,2025,11
209,Intermittent,14,202502,2025,11
209,Intermittent,15,202503,2025,10
209,Intermittent,16,202504,2025,12
209,Intermittent,17,202505,2025,11
209,Intermittent,18,202506,2025,11
209,Intermittent,19,202507,2025,11
209,Intermittent,20,202508,2025,10
209,Intermittent,21,202509,2025,9
209,Intermittent,22,202510,2025,9
209,Intermittent,23,202511,2025,10
209,Intermittent,24,202512,2025,0
209,Intermittent,25,202601,2026,0
209,Intermittent,26,202602,2026,12
209,Intermittent,27,202603,2026,0
209,Intermittent,28,202604,2026,12
209,Intermittent,29,202605,2026,10
209,Intermittent,30,202606,2026,0
209,Intermittent,31,202607,2026,10
209,Intermittent,32,202608,2026,11
209,Intermittent,33,202609,2026,9
209,Intermittent,34,202610,2026,11
209,Intermittent,35,202611,2026,11
209,Intermittent,36,202612,2026,10
210,Intermittent,1,202401,2024,12
210,Intermittent,2,202402,2024,10
210,Intermittent,3,202403,2024,0
210,Intermittent,4,202404,2024,10
210,Intermittent,5,202405,2024,0
210,Intermittent,6,202406,2024,0
210,Intermittent,7,202407,2024,10
210,Intermittent,8,202408,2024,9
210,Intermittent,9,202409,2024,10
210,Intermittent,10,202410,2024,12
210,Intermittent,11,202411,2024,10
210,Intermittent,12,202412,2024,13
210,Intermittent,13,202501,2025,11
210,Intermittent,14,202502,2025,0
210,Intermittent,15,202503,2025,12
210,Intermittent,16,202504,2025,12
210,Intermittent,17,202505,2025,12
210,Intermittent,18,202506,2025,11
210,Intermittent,19,202507,2025,10
210,Intermittent,20,202508,2025,0
210,Intermittent,21,202509,2025,11
210,Intermittent,22,202510,2025,12
210,Intermittent,23,202511,2025,0
210,Intermittent,24,202512,2025,10
210,Intermittent,25,202601,2026,13
210,Intermittent,26,202602,2026,12
210,Intermittent,27,202603,2026,0
210,Intermittent,28,202604,2026,12
210,Intermittent,29,202605,2026,12
210,Intermittent,30,202606,2026,12
210,Intermittent,31,202607,2026,13
210,Intermittent,32,202608,2026,12
210,Intermittent,33,202609,2026,11
210,Intermittent,34,202610,2026,9
210,Intermittent,35,202611,2026,0
210,Intermittent,36,202612,2026,12
211,Intermittent,1,202401,2024,15
211,Intermittent,2,202402,2024,16
211,Intermittent,3,202403,2024,16
211,Intermittent,4,202404,2024,16
211,Intermittent,5,202405,2024,15
211,Intermittent,6,202406,2024,16
211,Intermittent,7,202407,2024,0
211,Intermittent,8,202408,2024,14
211,Intermittent,9,202409,2024,14
211,Intermittent,10,202410,2024,13
211,Intermittent,11,202411,2024,15
211,Intermittent,12,202412,2024,14
211,Intermittent,13,202501,2025,14
211,Intermittent,14,202502,2025,0
211,Intermittent,15,202503,2025,16
211,Intermittent,16,202504,2025,16
211,Intermittent,17,202505,2025,16
211,Intermittent,18,202506,2025,16
211,Intermittent,19,202507,2025,0
211,Intermittent,20,202508,2025,0
211,Intermittent,21,202509,2025,14
211,Intermittent,22,202510,2025,16
211,Intermittent,23,202511,2025,13
211,Intermittent,24,202512,2025,15
211,Intermittent,25,202601,2026,17
211,Intermittent,26,202602,2026,16
211,Intermittent,27,202603,2026,15
211,Intermittent,28,202604,2026,0
211,Intermittent,29,202605,2026,15
211,Intermittent,30,202606,2026,14
211,Intermittent,31,202607,2026,16
211,Intermittent,32,202608,2026,15
211,Intermittent,33,202609,2026,15
211,Intermittent,34,202610,2026,15
211,Intermittent,35,202611,2026,13
211,Intermittent,36,202612,2026,0
212,Intermittent,1,202401,2024,0
212,Intermittent,2,202402,2024,19
212,Intermittent,3,202403,2024,16
212,Intermittent,4,202404,2024,0
212,Intermittent,5,202405,2024,14
212,Intermittent,6,202406,2024,0
212,Intermittent,7,202407,2024,0
212,Intermittent,8,202408,2024,15
212,Intermittent,9,202409,2024,0
212,Intermittent,10,202410,2024,0
212,Intermittent,11,202411,2024,0
212,Intermittent,12,202412,2024,15
212,Intermittent,13,202501,2025,17
212,Intermittent,14,202502,2025,18
212,Intermittent,15,202503,2025,0
212,Intermittent,16,202504,2025,18
212,Intermittent,17,202505,2025,20
212,Intermittent,18,202506,2025,14
212,Intermittent,19,202507,2025,15
212,Intermittent,20,202508,2025,0
212,Intermittent,21,202509,2025,14
212,Intermittent,22,202510,2025,0
212,Intermittent,23,202511,2025,13
212,Intermittent,24,202512,2025,16
212,Intermittent,25,202601,2026,18
212,Intermittent,26,202602,2026,16
212,Intermittent,27,202603,2026,16
212,Intermittent,28,202604,2026,15
212,Intermittent,29,202605,2026,13
212,Intermittent,30,202606,2026,16
212,Intermittent,31,202607,2026,15
212,Intermittent,32,202608,2026,15
212,Intermittent,33,202609,2026,0
212,Intermittent,34,202610,2026,14
212,Intermittent,35,202611,2026,0
212,Intermittent,36,202612,2026,17
213,Intermittent,1,202401,2024,0
213,Intermittent,2,202402,2024,11
213,Intermittent,3,202403,2024,10
213,Intermittent,4,202404,2024,11
213,Intermittent,5,202405,2024,11
213,Intermittent,6,202406,2024,10
213,Intermittent,7,202407,2024,11
213,Intermittent,8,202408,2024,11
213,Intermittent,9,202409,2024,0
213,Intermittent,10,202410,2024,9
213,Intermittent,11,202411,2024,11
213,Intermittent,12,202412,2024,10
213,Intermittent,13,202501,2025,8
213,Intermittent,14,202502,2025,10
213,Intermittent,15,202503,2025,12
213,Intermittent,16,202504,2025,10
213,Intermittent,17,202505,2025,0
213,Intermittent,18,202506,2025,0
213,Intermittent,19,202507,2025,0
213,Intermittent,20,202508,2025,10
213,Intermittent,21,202509,2025,0
213,Intermittent,22,202510,2025,11
213,Intermittent,23,202511,2025,11
213,Intermittent,24,202512,2025,12
213,Intermittent,25,202601,2026,10
213,Intermittent,26,202602,2026,11
213,Intermittent,27,202603,2026,10
213,Intermittent,28,202604,2026,12
213,Intermittent,29,202605,2026,0
213,Intermittent,30,202606,2026,0
213,Intermittent,31,202607,2026,9
213,Intermittent,32,202608,2026,10
213,Intermittent,33,202609,2026,0
213,Intermittent,34,202610,2026,0
213,Intermittent,35,202611,2026,9
213,Intermittent,36,202612,2026,12
214,Intermittent,1,202401,2024,15
214,Intermittent,2,202402,2024,18
214,Intermittent,3,202403,2024,0
214,Intermittent,4,202404,2024,15
214,Intermittent,5,202405,2024,14
214,Intermittent,6,202406,2024,15
214,Intermittent,7,202407,2024,15
214,Intermittent,8,202408,2024,16
214,Intermittent,9,202409,2024,14
214,Intermittent,10,202410,2024,16
214,Intermittent,11,202411,2024,13
214,Intermittent,12,202412,2024,0
214,Intermittent,13,202501,2025,15
214,Intermittent,14,202502,2025,18
214,Intermittent,15,202503,2025,15
214,Intermittent,16,202504,2025,18
214,Intermittent,17,202505,2025,17
214,Intermittent,18,202506,2025,20
214,Intermittent,19,202507,2025,14
214,Intermittent,20,202508,2025,0
214,Intermittent,21,202509,2025,16
214,Intermittent,22,202510,2025,14
214,Intermittent,23,202511,2025,0
214,Intermittent,24,202512,2025,0
214,Intermittent,25,202601,2026,0
214,Intermittent,26,202602,2026,16
214,Intermittent,27,202603,2026,14
214,Intermittent,28,202604,2026,17
214,Intermittent,29,202605,2026,0
214,Intermittent,30,202606,2026,0
214,Intermittent,31,202607,2026,15
214,Intermittent,32,202608,2026,16
214,Intermittent,33,202609,2026,14
214,Intermittent,34,202610,2026,15
214,Intermittent,35,202611,2026,17
214,Intermittent,36,202612,2026,0
215,Intermittent,1,202401,2024,0
215,Intermittent,2,202402,2024,0
215,Intermittent,3,202403,2024,10
215,Intermittent,4,202404,2024,10
215,Intermittent,5,202405,2024,11
215,Intermittent,6,202406,2024,11
215,Intermittent,7,202407,2024,10
215,Intermittent,8,202408,2024,10
215,Intermittent,9,202409,2024,9
215,Intermittent,10,202410,2024,0
215,Intermittent,11,202411,2024,10
215,Intermittent,12,202412,2024,10
215,Intermittent,13,202501,2025,11
215,Intermittent,14,202502,2025,0
215,Intermittent,15,202503,2025,11
215,Intermittent,16,202504,2025,12
215,Intermittent,17,202505,2025,11
215,Intermittent,18,202506,2025,0
215,Intermittent,19,202507,2025,11
215,Intermittent,20,202508,2025,0
215,Intermittent,21,202509,2025,10
215,Intermittent,22,202510,2025,0
215,Intermittent,23,202511,2025,10
215,Intermittent,24,202512,2025,0
215,Intermittent,25,202601,2026,10
215,Intermittent,26,202602,2026,12
215,Intermittent,27,202603,2026,11
215,Intermittent,28,202604,2026,12
215,Intermittent,29,202605,2026,11
215,Intermittent,30,202606,2026,11
215,Intermittent,31,202607,2026,11
215,Intermittent,32,202608,2026,11
215,Intermittent,33,202609,2026,0
215,Intermittent,34,202610,2026,9
215,Intermittent,35,202611,2026,11
215,Intermittent,36,202612,2026,12
216,Intermittent,1,202401,2024,0
216,Intermittent,2,202402,2024,0
216,Intermittent,3,202403,2024,10
216,Intermittent,4,202404,2024,0
216,Intermittent,5,202405,2024,10
216,Intermittent,6,202406,2024,9
216,Intermittent,7,202407,2024,9
216,Intermittent,8,202408,2024,9
216,Intermittent,9,202409,2024,0
216,Intermittent,10,202410,2024,0
216,Intermittent,11,202411,2024,12
216,Intermittent,12,202412,2024,10
216,Intermittent,13,202501,2025,9
216,Intermittent,14,202502,2025,10
216,Intermittent,15,202503,2025,0
216,Intermittent,16,202504,2025,11
216,Intermittent,17,202505,2025,11
216,Intermittent,18,202506,2025,0
216,Intermittent,19,202507,2025,9
216,Intermittent,20,202508,2025,9
216,Intermittent,21,202509,2025,0
216,Intermittent,22,202510,2025,8
216,Intermittent,23,202511,2025,0
216,Intermittent,24,202512,2025,11
216,Intermittent,25,202601,2026,0
216,Intermittent,26,202602,2026,12
216,Intermittent,27,202603,2026,10
216,Intermittent,28,202604,2026,0
216,Intermittent,29,202605,2026,9
216,Intermittent,30,202606,2026,9
216,Intermittent,31,202607,2026,10
216,Intermittent,32,202608,2026,9
216,Intermittent,33,202609,2026,10
216,Intermittent,34,202610,2026,9
216,Intermittent,35,202611,2026,0
216,Intermittent,36,202612,2026,10
217,Lumpy,1,202401,2024,9
217,Lumpy,2,202402,2024,6
217,Lumpy,3,202403,2024,0
217,Lumpy,4,202404,2024,8
217,Lumpy,5,202405,2024,8
217,Lumpy,6,202406,2024,7
217,Lumpy,7,202407,2024,8
217,Lumpy,8,202408,2024,6
217,Lumpy,9,202409,2024,0
217,Lumpy,10,202410,2024,0
217,Lumpy,11,202411,2024,7
217,Lumpy,12,202412,2024,7
217,Lumpy,13,202501,2025,9
217,Lumpy,14,202502,2025,0
217,Lumpy,15,202503,2025,7
217,Lumpy,16,202504,2025,0
217,Lumpy,17,202505,2025,0
217,Lumpy,18,202506,2025,7
217,Lumpy,19,202507,2025,0
217,Lumpy,20,202508,2025,0
217,Lumpy,21,202509,2025,0
217,Lumpy,22,202510,2025,0
217,Lumpy,23,202511,2025,7
217,Lumpy,24,202512,2025,10
217,Lumpy,25,202601,2026,6
217,Lumpy,26,202602,2026,7
217,Lumpy,27,202603,2026,0
217,Lumpy,28,202604,2026,0
217,Lumpy,29,202605,2026,0
217,Lumpy,30,202606,2026,8
217,Lumpy,31,202607,2026,8
217,Lumpy,32,202608,2026,0
217,Lumpy,33,202609,2026,0
217,Lumpy,34,202610,2026,8
217,Lumpy,35,202611,2026,7
217,Lumpy,36,202612,2026,7
218,Lumpy,1,202401,2024,0
218,Lumpy,2,202402,2024,11
218,Lumpy,3,202403,2024,11
218,Lumpy,4,202404,2024,0
218,Lumpy,5,202405,2024,9
218,Lumpy,6,202406,2024,0
218,Lumpy,7,202407,2024,11
218,Lumpy,8,202408,2024,8
218,Lumpy,9,202409,2024,12
218,Lumpy,10,202410,2024,11
218,Lumpy,11,202411,2024,12
218,Lumpy,12,202412,2024,12
218,Lumpy,13,202501,2025,0
218,Lumpy,14,202502,2025,10
218,Lumpy,15,202503,2025,10
218,Lumpy,16,202504,2025,0
218,Lumpy,17,202505,2025,9
218,Lumpy,18,202506,2025,10
218,Lumpy,19,202507,2025,11
218,Lumpy,20,202508,2025,11
218,Lumpy,21,202509,2025,11
218,Lumpy,22,202510,2025,0
218,Lumpy,23,202511,2025,11
218,Lumpy,24,202512,2025,0
218,Lumpy,25,202601,2026,10
218,Lumpy,26,202602,2026,12
218,Lumpy,27,202603,2026,8
218,Lumpy,28,202604,2026,10
218,Lumpy,29,202605,2026,11
218,Lumpy,30,202606,2026,0
218,Lumpy,31,202607,2026,11
218,Lumpy,32,202608,2026,11
218,Lumpy,33,202609,2026,0
218,Lumpy,34,202610,2026,0
218,Lumpy,35,202611,2026,10
218,Lumpy,36,202612,2026,0
219,Lumpy,1,202401,2024,0
219,Lumpy,2,202402,2024,0
219,Lumpy,3,202403,2024,0
219,Lumpy,4,202404,2024,7
219,Lumpy,5,202405,2024,6
219,Lumpy,6,202406,2024,6
219,Lumpy,7,202407,2024,8
219,Lumpy,8,202408,2024,0
219,Lumpy,9,202409,2024,6
219,Lumpy,10,202410,2024,0
219,Lumpy,11,202411,2024,0
219,Lumpy,12,202412,2024,6
219,Lumpy,13,202501,2025,5
219,Lumpy,14,202502,2025,7
219,Lumpy,15,202503,2025,0
219,Lumpy,16,202504,2025,0
219,Lumpy,17,202505,2025,7
219,Lumpy,18,202506,2025,0
219,Lumpy,19,202507,2025,7
219,Lumpy,20,202508,2025,7
219,Lumpy,21,202509,2025,0
219,Lumpy,22,202510,2025,6
219,Lumpy,23,202511,2025,7
219,Lumpy,24,202512,2025,0
219,Lumpy,25,202601,2026,0
219,Lumpy,26,202602,2026,7
219,Lumpy,27,202603,2026,6
219,Lumpy,28,202604,2026,7
219,Lumpy,29,202605,2026,6
219,Lumpy,30,202606,2026,7
219,Lumpy,31,202607,2026,0
219,Lumpy,32,202608,2026,7
219,Lumpy,33,202609,2026,6
219,Lumpy,34,202610,2026,6
219,Lumpy,35,202611,2026,0
219,Lumpy,36,202612,2026,6
220,Lumpy,1,202401,2024,10
220,Lumpy,2,202402,2024,0
220,Lumpy,3,202403,2024,11
220,Lumpy,4,202404,2024,9
220,Lumpy,5,202405,2024,0
220,Lumpy,6,202406,2024,0
220,Lumpy,7,202407,2024,10
220,Lumpy,8,202408,2024,10
220,Lumpy,9,202409,2024,11
220,Lumpy,10,202410,2024,11
220,Lumpy,11,202411,2024,11
220,Lumpy,12,202412,2024,11
220,Lumpy,13,202501,2025,0
220,Lumpy,14,202502,2025,12
220,Lumpy,15,202503,2025,10
220,Lumpy,16,202504,2025,9
220,Lumpy,17,202505,2025,10
220,Lumpy,18,202506,2025,10
220,Lumpy,19,202507,2025,10
220,Lumpy,20,202508,2025,11
220,Lumpy,21,202509,2025,12
220,Lumpy,22,202510,2025,10
220,Lumpy,23,202511,2025,9
220,Lumpy,24,202512,2025,11
220,Lumpy,25,202601,2026,10
220,Lumpy,26,202602,2026,10
220,Lumpy,27,202603,2026,11
220,Lumpy,28,202604,2026,10
220,Lumpy,29,202605,2026,0
220,Lumpy,30,202606,2026,11
220,Lumpy,31,202607,2026,11
220,Lumpy,32,202608,2026,11
220,Lumpy,33,202609,2026,11
220,Lumpy,34,202610,2026,12
220,Lumpy,35,202611,2026,0
220,Lumpy,36,202612,2026,10
221,Lumpy,1,202401,2024,0
221,Lumpy,2,202402,2024,11
221,Lumpy,3,202403,2024,0
221,Lumpy,4,202404,2024,0
221,Lumpy,5,202405,2024,13
221,Lumpy,6,202406,2024,0
221,Lumpy,7,202407,2024,13
221,Lumpy,8,202408,2024,0
221,Lumpy,9,202409,2024,13
221,Lumpy,10,202410,2024,0
221,Lumpy,11,202411,2024,0
221,Lumpy,12,202412,2024,11
221,Lumpy,13,202501,2025,11
221,Lumpy,14,202502,2025,12
221,Lumpy,15,202503,2025,0
221,Lumpy,16,202504,2025,11
221,Lumpy,17,202505,2025,11
221,Lumpy,18,202506,2025,14
221,Lumpy,19,202507,2025,10
221,Lumpy,20,202508,2025,11
221,Lumpy,21,202509,2025,12
221,Lumpy,22,202510,2025,12
221,Lumpy,23,202511,2025,0
221,Lumpy,24,202512,2025,10
221,Lumpy,25,202601,2026,0
221,Lumpy,26,202602,2026,13
221,Lumpy,27,202603,2026,0
221,Lumpy,28,202604,2026,10
221,Lumpy,29,202605,2026,13
221,Lumpy,30,202606,2026,12
221,Lumpy,31,202607,2026,12
221,Lumpy,32,202608,2026,13
221,Lumpy,33,202609,2026,11
221,Lumpy,34,202610,2026,12
221,Lumpy,35,202611,2026,0
221,Lumpy,36,202612,2026,12
222,Lumpy,1,202401,2024,5
222,Lumpy,2,202402,2024,5
222,Lumpy,3,202403,2024,6
222,Lumpy,4,202404,2024,0
222,Lumpy,5,202405,2024,5
222,Lumpy,6,202406,2024,5
222,Lumpy,7,202407,2024,6
222,Lumpy,8,202408,2024,6
222,Lumpy,9,202409,2024,0
222,Lumpy,10,202410,2024,5
222,Lumpy,11,202411,2024,0
222,Lumpy,12,202412,2024,5
222,Lumpy,13,202501,2025,0
222,Lumpy,14,202502,2025,0
222,Lumpy,15,202503,2025,0
222,Lumpy,16,202504,2025,6
222,Lumpy,17,202505,2025,5
222,Lumpy,18,202506,2025,6
222,Lumpy,19,202507,2025,6
222,Lumpy,20,202508,2025,0
222,Lumpy,21,202509,2025,5
222,Lumpy,22,202510,2025,0
222,Lumpy,23,202511,2025,5
222,Lumpy,24,202512,2025,0
222,Lumpy,25,202601,2026,5
222,Lumpy,26,202602,2026,5
222,Lumpy,27,202603,2026,4
222,Lumpy,28,202604,2026,4
222,Lumpy,29,202605,2026,7
222,Lumpy,30,202606,2026,4
222,Lumpy,31,202607,2026,0
222,Lumpy,32,202608,2026,5
222,Lumpy,33,202609,2026,5
222,Lumpy,34,202610,2026,6
222,Lumpy,35,202611,2026,0
222,Lumpy,36,202612,2026,4
223,Lumpy,1,202401,2024,10
223,Lumpy,2,202402,2024,9
223,Lumpy,3,202403,2024,0
223,Lumpy,4,202404,2024,0
223,Lumpy,5,202405,2024,8
223,Lumpy,6,202406,2024,8
223,Lumpy,7,202407,2024,8
223,Lumpy,8,202408,2024,0
223,Lumpy,9,202409,2024,0
223,Lumpy,10,202410,2024,9
223,Lumpy,11,202411,2024,8
223,Lumpy,12,202412,2024,6
223,Lumpy,13,202501,2025,0
223,Lumpy,14,202502,2025,8
223,Lumpy,15,202503,2025,9
223,Lumpy,16,202504,2025,8
223,Lumpy,17,202505,2025,0
223,Lumpy,18,202506,2025,8
223,Lumpy,19,202507,2025,0
223,Lumpy,20,202508,2025,0
223,Lumpy,21,202509,2025,9
223,Lumpy,22,202510,2025,0
223,Lumpy,23,202511,2025,7
223,Lumpy,24,202512,2025,0
223,Lumpy,25,202601,2026,0
223,Lumpy,26,202602,2026,8
223,Lumpy,27,202603,2026,9
223,Lumpy,28,202604,2026,9
223,Lumpy,29,202605,2026,8
223,Lumpy,30,202606,2026,0
223,Lumpy,31,202607,2026,0
223,Lumpy,32,202608,2026,9
223,Lumpy,33,202609,2026,8
223,Lumpy,34,202610,2026,9
223,Lumpy,35,202611,2026,9
223,Lumpy,36,202612,2026,9
224,Lumpy,1,202401,2024,0
224,Lumpy,2,202402,2024,9
224,Lumpy,3,202403,2024,8
224,Lumpy,4,202404,2024,0
224,Lumpy,5,202405,2024,0
224,Lumpy,6,202406,2024,0
224,Lumpy,7,202407,2024,0
224,Lumpy,8,202408,2024,9
224,Lumpy,9,202409,2024,0
224,Lumpy,10,202410,2024,10
224,Lumpy,11,202411,2024,10
224,Lumpy,12,202412,2024,7
224,Lumpy,13,202501,2025,0
224,Lumpy,14,202502,2025,0
224,Lumpy,15,202503,2025,8
224,Lumpy,16,202504,2025,9
224,Lumpy,17,202505,2025,10
224,Lumpy,18,202506,2025,8
224,Lumpy,19,202507,2025,8
224,Lumpy,20,202508,2025,8
224,Lumpy,21,202509,2025,0
224,Lumpy,22,202510,2025,7
224,Lumpy,23,202511,2025,7
224,Lumpy,24,202512,2025,9
224,Lumpy,25,202601,2026,0
224,Lumpy,26,202602,2026,8
224,Lumpy,27,202603,2026,9
224,Lumpy,28,202604,2026,8
224,Lumpy,29,202605,2026,8
224,Lumpy,30,202606,2026,0
224,Lumpy,31,202607,2026,7
224,Lumpy,32,202608,2026,7
224,Lumpy,33,202609,2026,9
224,Lumpy,34,202610,2026,6
224,Lumpy,35,202611,2026,0
224,Lumpy,36,202612,2026,9
225,Lumpy,1,202401,2024,0
225,Lumpy,2,202402,2024,8
225,Lumpy,3,202403,2024,8
225,Lumpy,4,202404,2024,9
225,Lumpy,5,202405,2024,8
225,Lumpy,6,202406,2024,0
225,Lumpy,7,202407,2024,0
225,Lumpy,8,202408,2024,7
225,Lumpy,9,202409,2024,0
225,Lumpy,10,202410,2024,8
225,Lumpy,11,202411,2024,6
225,Lumpy,12,202412,2024,7
225,Lumpy,13,202501,2025,8
225,Lumpy,14,202502,2025,8
225,Lumpy,15,202503,2025,0
225,Lumpy,16,202504,2025,9
225,Lumpy,17,202505,2025,8
225,Lumpy,18,202506,2025,0
225,Lumpy,19,202507,2025,8
225,Lumpy,20,202508,2025,8
225,Lumpy,21,202509,2025,7
225,Lumpy,22,202510,2025,7
225,Lumpy,23,202511,2025,8
225,Lumpy,24,202512,2025,8
225,Lumpy,25,202601,2026,0
225,Lumpy,26,202602,2026,8
225,Lumpy,27,202603,2026,0
225,Lumpy,28,202604,2026,8
225,Lumpy,29,202605,2026,0
225,Lumpy,30,202606,2026,0
225,Lumpy,31,202607,2026,7
225,Lumpy,32,202608,2026,9
225,Lumpy,33,202609,2026,10
225,Lumpy,34,202610,2026,0
225,Lumpy,35,202611,2026,8
225,Lumpy,36,202612,2026,9
226,Lumpy,1,202401,2024,9
226,Lumpy,2,202402,2024,12
226,Lumpy,3,202403,2024,12
226,Lumpy,4,202404,2024,12
226,Lumpy,5,202405,2024,14
226,Lumpy,6,202406,2024,9
226,Lumpy,7,202407,2024,0
226,Lumpy,8,202408,2024,10
226,Lumpy,9,202409,2024,9
226,Lumpy,10,202410,2024,12
226,Lumpy,11,202411,2024,11
226,Lumpy,12,202412,2024,0
226,Lumpy,13,202501,2025,13
226,Lumpy,14,202502,2025,9
226,Lumpy,15,202503,2025,0
226,Lumpy,16,202504,2025,12
226,Lumpy,17,202505,2025,0
226,Lumpy,18,202506,2025,0
226,Lumpy,19,202507,2025,0
226,Lumpy,20,202508,2025,13
226,Lumpy,21,202509,2025,13
226,Lumpy,22,202510,2025,13
226,Lumpy,23,202511,2025,11
226,Lumpy,24,202512,2025,12
226,Lumpy,25,202601,2026,12
226,Lumpy,26,202602,2026,10
226,Lumpy,27,202603,2026,14
226,Lumpy,28,202604,2026,0
226,Lumpy,29,202605,2026,0
226,Lumpy,30,202606,2026,11
226,Lumpy,31,202607,2026,0
226,Lumpy,32,202608,2026,0
226,Lumpy,33,202609,2026,0
226,Lumpy,34,202610,2026,10
226,Lumpy,35,202611,2026,12
226,Lumpy,36,202612,2026,0
227,Lumpy,1,202401,2024,0
227,Lumpy,2,202402,2024,0
227,Lumpy,3,202403,2024,0
227,Lumpy,4,202404,2024,10
227,Lumpy,5,202405,2024,0
227,Lumpy,6,202406,2024,0
227,Lumpy,7,202407,2024,0
227,Lumpy,8,202408,2024,11
227,Lumpy,9,202409,2024,10
227,Lumpy,10,202410,2024,9
227,Lumpy,11,202411,2024,9
227,Lumpy,12,202412,2024,11
227,Lumpy,13,202501,2025,13
227,Lumpy,14,202502,2025,10
227,Lumpy,15,202503,2025,0
227,Lumpy,16,202504,2025,11
227,Lumpy,17,202505,2025,12
227,Lumpy,18,202506,2025,0
227,Lumpy,19,202507,2025,0
227,Lumpy,20,202508,2025,12
227,Lumpy,21,202509,2025,9
227,Lumpy,22,202510,2025,0
227,Lumpy,23,202511,2025,0
227,Lumpy,24,202512,2025,0
227,Lumpy,25,202601,2026,7
227,Lumpy,26,202602,2026,11
227,Lumpy,27,202603,2026,12
227,Lumpy,28,202604,2026,11
227,Lumpy,29,202605,2026,0
227,Lumpy,30,202606,2026,11
227,Lumpy,31,202607,2026,0
227,Lumpy,32,202608,2026,0
227,Lumpy,33,202609,2026,11
227,Lumpy,34,202610,2026,11
227,Lumpy,35,202611,2026,10
227,Lumpy,36,202612,2026,0
228,Lumpy,1,202401,2024,9
228,Lumpy,2,202402,2024,9
228,Lumpy,3,202403,2024,9
228,Lumpy,4,202404,2024,0
228,Lumpy,5,202405,2024,10
228,Lumpy,6,202406,2024,9
228,Lumpy,7,202407,2024,0
228,Lumpy,8,202408,2024,0
228,Lumpy,9,202409,2024,9
228,Lumpy,10,202410,2024,8
228,Lumpy,11,202411,2024,10
228,Lumpy,12,202412,2024,0
228,Lumpy,13,202501,2025,9
228,Lumpy,14,202502,2025,9
228,Lumpy,15,202503,2025,0
228,Lumpy,16,202504,2025,0
228,Lumpy,17,202505,2025,11
228,Lumpy,18,202506,2025,7
228,Lumpy,19,202507,2025,10
228,Lumpy,20,202508,2025,13
228,Lumpy,21,202509,2025,9
228,Lumpy,22,202510,2025,0
228,Lumpy,23,202511,2025,12
228,Lumpy,24,202512,2025,12
228,Lumpy,25,202601,2026,9
228,Lumpy,26,202602,2026,0
228,Lumpy,27,202603,2026,10
228,Lumpy,28,202604,2026,0
228,Lumpy,29,202605,2026,8
228,Lumpy,30,202606,2026,9
228,Lumpy,31,202607,2026,0
228,Lumpy,32,202608,2026,0
228,Lumpy,33,202609,2026,9
228,Lumpy,34,202610,2026,0
228,Lumpy,35,202611,2026,11
228,Lumpy,36,202612,2026,0
229,Lumpy,1,202401,2024,9
229,Lumpy,2,202402,2024,10
229,Lumpy,3,202403,2024,0
229,Lumpy,4,202404,2024,0
229,Lumpy,5,202405,2024,11
229,Lumpy,6,202406,2024,10
229,Lumpy,7,202407,2024,13
229,Lumpy,8,202408,2024,0
229,Lumpy,9,202409,2024,0
229,Lumpy,10,202410,2024,11
229,Lumpy,11,202411,2024,0
229,Lumpy,12,202412,2024,13
229,Lumpy,13,202501,2025,11
229,Lumpy,14,202502,2025,0
229,Lumpy,15,202503,2025,0
229,Lumpy,16,202504,2025,10
229,Lumpy,17,202505,2025,12
229,Lumpy,18,202506,2025,10
229,Lumpy,19,202507,2025,0
229,Lumpy,20,202508,2025,13
229,Lumpy,21,202509,2025,11
229,Lumpy,22,202510,2025,14
229,Lumpy,23,202511,2025,11
229,Lumpy,24,202512,2025,13
229,Lumpy,25,202601,2026,13
229,Lumpy,26,202602,2026,9
229,Lumpy,27,202603,2026,12
229,Lumpy,28,202604,2026,0
229,Lumpy,29,202605,2026,12
229,Lumpy,30,202606,2026,11
229,Lumpy,31,202607,2026,0
229,Lumpy,32,202608,2026,14
229,Lumpy,33,202609,2026,0
229,Lumpy,34,202610,2026,12
229,Lumpy,35,202611,2026,12
229,Lumpy,36,202612,2026,10
230,Lumpy,1,202401,2024,0
230,Lumpy,2,202402,2024,9
230,Lumpy,3,202403,2024,8
230,Lumpy,4,202404,2024,11
230,Lumpy,5,202405,2024,9
230,Lumpy,6,202406,2024,8
230,Lumpy,7,202407,2024,10
230,Lumpy,8,202408,2024,0
230,Lumpy,9,202409,2024,9
230,Lumpy,10,202410,2024,9
230,Lumpy,11,202411,2024,10
230,Lumpy,12,202412,2024,10
230,Lumpy,13,202501,2025,8
230,Lumpy,14,202502,2025,10
230,Lumpy,15,202503,2025,9
230,Lumpy,16,202504,2025,0
230,Lumpy,17,202505,2025,10
230,Lumpy,18,202506,2025,8
230,Lumpy,19,202507,2025,10
230,Lumpy,20,202508,2025,11
230,Lumpy,21,202509,2025,0
230,Lumpy,22,202510,2025,9
230,Lumpy,23,202511,2025,9
230,Lumpy,24,202512,2025,9
230,Lumpy,25,202601,2026,11
230,Lumpy,26,202602,2026,6
230,Lumpy,27,202603,2026,10
230,Lumpy,28,202604,2026,8
230,Lumpy,29,202605,2026,10
230,Lumpy,30,202606,2026,10
230,Lumpy,31,202607,2026,9
230,Lumpy,32,202608,2026,0
230,Lumpy,33,202609,2026,0
230,Lumpy,34,202610,2026,10
230,Lumpy,35,202611,2026,9
230,Lumpy,36,202612,2026,0
231,Lumpy,1,202401,2024,9
231,Lumpy,2,202402,2024,0
231,Lumpy,3,202403,2024,0
231,Lumpy,4,202404,2024,14
231,Lumpy,5,202405,2024,0
231,Lumpy,6,202406,2024,11
231,Lumpy,7,202407,2024,10
231,Lumpy,8,202408,2024,13
231,Lumpy,9,202409,2024,13
231,Lumpy,10,202410,2024,11
231,Lumpy,11,202411,2024,12
231,Lumpy,12,202412,2024,14
231,Lumpy,13,202501,2025,0
231,Lumpy,14,202502,2025,9
231,Lumpy,15,202503,2025,0
231,Lumpy,16,202504,2025,0
231,Lumpy,17,202505,2025,13
231,Lumpy,18,202506,2025,9
231,Lumpy,19,202507,2025,11
231,Lumpy,20,202508,2025,0
231,Lumpy,21,202509,2025,0
231,Lumpy,22,202510,2025,0
231,Lumpy,23,202511,2025,0
231,Lumpy,24,202512,2025,0
231,Lumpy,25,202601,2026,0
231,Lumpy,26,202602,2026,13
231,Lumpy,27,202603,2026,10
231,Lumpy,28,202604,2026,13
231,Lumpy,29,202605,2026,0
231,Lumpy,30,202606,2026,11
231,Lumpy,31,202607,2026,0
231,Lumpy,32,202608,2026,11
231,Lumpy,33,202609,2026,0
231,Lumpy,34,202610,2026,0
231,Lumpy,35,202611,2026,12
231,Lumpy,36,202612,2026,0
232,Lumpy,1,202401,2024,11
232,Lumpy,2,202402,2024,0
232,Lumpy,3,202403,2024,0
232,Lumpy,4,202404,2024,0
232,Lumpy,5,202405,2024,13
232,Lumpy,6,202406,2024,0
232,Lumpy,7,202407,2024,14
232,Lumpy,8,202408,2024,12
232,Lumpy,9,202409,2024,13
232,Lumpy,10,202410,2024,11
232,Lumpy,11,202411,2024,10
232,Lumpy,12,202412,2024,12
232,Lumpy,13,202501,2025,0
232,Lumpy,14,202502,2025,12
232,Lumpy,15,202503,2025,11
232,Lumpy,16,202504,2025,11
232,Lumpy,17,202505,2025,0
232,Lumpy,18,202506,2025,0
232,Lumpy,19,202507,2025,12
232,Lumpy,20,202508,2025,13
232,Lumpy,21,202509,2025,10
232,Lumpy,22,202510,2025,11
232,Lumpy,23,202511,2025,0
232,Lumpy,24,202512,2025,11
232,Lumpy,25,202601,2026,11
232,Lumpy,26,202602,2026,9
232,Lumpy,27,202603,2026,0
232,Lumpy,28,202604,2026,11
232,Lumpy,29,202605,2026,0
232,Lumpy,30,202606,2026,0
232,Lumpy,31,202607,2026,10
232,Lumpy,32,202608,2026,0
232,Lumpy,33,202609,2026,0
232,Lumpy,34,202610,2026,11
232,Lumpy,35,202611,2026,0
232,Lumpy,36,202612,2026,12
233,Lumpy,1,202401,2024,11
233,Lumpy,2,202402,2024,11
233,Lumpy,3,202403,2024,10
233,Lumpy,4,202404,2024,0
233,Lumpy,5,202405,2024,11
233,Lumpy,6,202406,2024,0
233,Lumpy,7,202407,2024,0
233,Lumpy,8,202408,2024,0
233,Lumpy,9,202409,2024,12
233,Lumpy,10,202410,2024,0
233,Lumpy,11,202411,2024,0
233,Lumpy,12,202412,2024,0
233,Lumpy,13,202501,2025,10
233,Lumpy,14,202502,2025,9
233,Lumpy,15,202503,2025,10
233,Lumpy,16,202504,2025,0
233,Lumpy,17,202505,2025,9
233,Lumpy,18,202506,2025,8
233,Lumpy,19,202507,2025,0
233,Lumpy,20,202508,2025,0
233,Lumpy,21,202509,2025,0
233,Lumpy,22,202510,2025,11
233,Lumpy,23,202511,2025,12
233,Lumpy,24,202512,2025,11
233,Lumpy,25,202601,2026,12
233,Lumpy,26,202602,2026,0
233,Lumpy,27,202603,2026,0
233,Lumpy,28,202604,2026,0
233,Lumpy,29,202605,2026,9
233,Lumpy,30,202606,2026,10
233,Lumpy,31,202607,2026,0
233,Lumpy,32,202608,2026,0
233,Lumpy,33,202609,2026,0
233,Lumpy,34,202610,2026,11
233,Lumpy,35,202611,2026,12
233,Lumpy,36,202612,2026,0
234,Lumpy,1,202401,2024,9
234,Lumpy,2,202402,2024,7
234,Lumpy,3,202403,2024,8
234,Lumpy,4,202404,2024,7
234,Lumpy,5,202405,2024,8
234,Lumpy,6,202406,2024,8
234,Lumpy,7,202407,2024,7
234,Lumpy,8,202408,2024,9
234,Lumpy,9,202409,2024,9
234,Lumpy,10,202410,2024,9
234,Lumpy,11,202411,2024,8
234,Lumpy,12,202412,2024,7
234,Lumpy,13,202501,2025,8
234,Lumpy,14,202502,2025,0
234,Lumpy,15,202503,2025,7
234,Lumpy,16,202504,2025,8
234,Lumpy,17,202505,2025,7
234,Lumpy,18,202506,2025,7
234,Lumpy,19,202507,2025,8
234,Lumpy,20,202508,2025,7
234,Lumpy,21,202509,2025,8
234,Lumpy,22,202510,2025,9
234,Lumpy,23,202511,2025,8
234,Lumpy,24,202512,2025,9
234,Lumpy,25,202601,2026,8
234,Lumpy,26,202602,2026,0
234,Lumpy,27,202603,2026,0
234,Lumpy,28,202604,2026,0
234,Lumpy,29,202605,2026,0
234,Lumpy,30,202606,2026,8
234,Lumpy,31,202607,2026,9
234,Lumpy,32,202608,2026,8
234,Lumpy,33,202609,2026,0
234,Lumpy,34,202610,2026,8
234,Lumpy,35,202611,2026,8
234,Lumpy,36,202612,2026,0
235,Lumpy,1,202401,2024,0
235,Lumpy,2,202402,2024,7
235,Lumpy,3,202403,2024,6
235,Lumpy,4,202404,2024,0
235,Lumpy,5,202405,2024,5
235,Lumpy,6,202406,2024,5
235,Lumpy,7,202407,2024,0
235,Lumpy,8,202408,2024,0
235,Lumpy,9,202409,2024,0
235,Lumpy,10,202410,2024,6
235,Lumpy,11,202411,2024,0
235,Lumpy,12,202412,2024,6
235,Lumpy,13,202501,2025,0
235,Lumpy,14,202502,2025,0
235,Lumpy,15,202503,2025,5
235,Lumpy,16,202504,2025,6
235,Lumpy,17,202505,2025,5
235,Lumpy,18,202506,2025,5
235,Lumpy,19,202507,2025,5
235,Lumpy,20,202508,2025,6
235,Lumpy,21,202509,2025,4
235,Lumpy,22,202510,2025,6
235,Lumpy,23,202511,2025,0
235,Lumpy,24,202512,2025,5
235,Lumpy,25,202601,2026,0
235,Lumpy,26,202602,2026,0
235,Lumpy,27,202603,2026,6
235,Lumpy,28,202604,2026,5
235,Lumpy,29,202605,2026,4
235,Lumpy,30,202606,2026,0
235,Lumpy,31,202607,2026,5
235,Lumpy,32,202608,2026,7
235,Lumpy,33,202609,2026,5
235,Lumpy,34,202610,2026,6
235,Lumpy,35,202611,2026,0
235,Lumpy,36,202612,2026,6
236,Lumpy,1,202401,2024,0
236,Lumpy,2,202402,2024,0
236,Lumpy,3,202403,2024,7
236,Lumpy,4,202404,2024,9
236,Lumpy,5,202405,2024,9
236,Lumpy,6,202406,2024,10
236,Lumpy,7,202407,2024,10
236,Lumpy,8,202408,2024,10
236,Lumpy,9,202409,2024,9
236,Lumpy,10,202410,2024,0
236,Lumpy,11,202411,2024,8
236,Lumpy,12,202412,2024,0
236,Lumpy,13,202501,2025,0
236,Lumpy,14,202502,2025,10
236,Lumpy,15,202503,2025,9
236,Lumpy,16,202504,2025,8
236,Lumpy,17,202505,2025,7
236,Lumpy,18,202506,2025,0
236,Lumpy,19,202507,2025,8
236,Lumpy,20,202508,2025,9
236,Lumpy,21,202509,2025,8
236,Lumpy,22,202510,2025,0
236,Lumpy,23,202511,2025,8
236,Lumpy,24,202512,2025,11
236,Lumpy,25,202601,2026,0
236,Lumpy,26,202602,2026,0
236,Lumpy,27,202603,2026,0
236,Lumpy,28,202604,2026,8
236,Lumpy,29,202605,2026,8
236,Lumpy,30,202606,2026,9
236,Lumpy,31,202607,2026,0
236,Lumpy,32,202608,2026,0
236,Lumpy,33,202609,2026,8
236,Lumpy,34,202610,2026,0
236,Lumpy,35,202611,2026,0
236,Lumpy,36,202612,2026,0
237,Lumpy,1,202401,2024,0
237,Lumpy,2,202402,2024,0
237,Lumpy,3,202403,2024,8
237,Lumpy,4,202404,2024,12
237,Lumpy,5,202405,2024,11
237,Lumpy,6,202406,2024,11
237,Lumpy,7,202407,2024,0
237,Lumpy,8,202408,2024,11
237,Lumpy,9,202409,2024,8
237,Lumpy,10,202410,2024,0
237,Lumpy,11,202411,2024,10
237,Lumpy,12,202412,2024,10
237,Lumpy,13,202501,2025,9
237,Lumpy,14,202502,2025,10
237,Lumpy,15,202503,2025,0
237,Lumpy,16,202504,2025,0
237,Lumpy,17,202505,2025,13
237,Lumpy,18,202506,2025,10
237,Lumpy,19,202507,2025,10
237,Lumpy,20,202508,2025,7
237,Lumpy,21,202509,2025,14
237,Lumpy,22,202510,2025,12
237,Lumpy,23,202511,2025,10
237,Lumpy,24,202512,2025,0
237,Lumpy,25,202601,2026,9
237,Lumpy,26,202602,2026,10
237,Lumpy,27,202603,2026,0
237,Lumpy,28,202604,2026,14
237,Lumpy,29,202605,2026,9
237,Lumpy,30,202606,2026,11
237,Lumpy,31,202607,2026,0
237,Lumpy,32,202608,2026,12
237,Lumpy,33,202609,2026,10
237,Lumpy,34,202610,2026,0
237,Lumpy,35,202611,2026,10
237,Lumpy,36,202612,2026,11
238,Lumpy,1,202401,2024,0
238,Lumpy,2,202402,2024,0
238,Lumpy,3,202403,2024,12
238,Lumpy,4,202404,2024,12
238,Lumpy,5,202405,2024,11
238,Lumpy,6,202406,2024,11
238,Lumpy,7,202407,2024,10
238,Lumpy,8,202408,2024,12
238,Lumpy,9,202409,2024,10
238,Lumpy,10,202410,2024,8
238,Lumpy,11,202411,2024,11
238,Lumpy,12,202412,2024,0
238,Lumpy,13,202501,2025,0
238,Lumpy,14,202502,2025,10
238,Lumpy,15,202503,2025,0
238,Lumpy,16,202504,2025,12
238,Lumpy,17,202505,2025,11
238,Lumpy,18,202506,2025,10
238,Lumpy,19,202507,2025,13
238,Lumpy,20,202508,2025,0
238,Lumpy,21,202509,2025,14
238,Lumpy,22,202510,2025,0
238,Lumpy,23,202511,2025,0
238,Lumpy,24,202512,2025,0
238,Lumpy,25,202601,2026,12
238,Lumpy,26,202602,2026,11
238,Lumpy,27,202603,2026,0
238,Lumpy,28,202604,2026,13
238,Lumpy,29,202605,2026,0
238,Lumpy,30,202606,2026,0
238,Lumpy,31,202607,2026,0
238,Lumpy,32,202608,2026,11
238,Lumpy,33,202609,2026,0
238,Lumpy,34,202610,2026,12
238,Lumpy,35,202611,2026,11
238,Lumpy,36,202612,2026,0
239,Lumpy,1,202401,2024,11
239,Lumpy,2,202402,2024,0
239,Lumpy,3,202403,2024,10
239,Lumpy,4,202404,2024,0
239,Lumpy,5,202405,2024,12
239,Lumpy,6,202406,2024,0
239,Lumpy,7,202407,2024,0
239,Lumpy,8,202408,2024,12
239,Lumpy,9,202409,2024,0
239,Lumpy,10,202410,2024,0
239,Lumpy,11,202411,2024,9
239,Lumpy,12,202412,2024,11
239,Lumpy,13,202501,2025,13
239,Lumpy,14,202502,2025,0
239,Lumpy,15,202503,2025,0
239,Lumpy,16,202504,2025,0
239,Lumpy,17,202505,2025,0
239,Lumpy,18,202506,2025,0
239,Lumpy,19,202507,2025,14
239,Lumpy,20,202508,2025,0
239,Lumpy,21,202509,2025,13
239,Lumpy,22,202510,2025,9
239,Lumpy,23,202511,2025,11
239,Lumpy,24,202512,2025,10
239,Lumpy,25,202601,2026,0
239,Lumpy,26,202602,2026,12
239,Lumpy,27,202603,2026,0
239,Lumpy,28,202604,2026,14
239,Lumpy,29,202605,2026,10
239,Lumpy,30,202606,2026,11
239,Lumpy,31,202607,2026,13
239,Lumpy,32,202608,2026,16
239,Lumpy,33,202609,2026,12
239,Lumpy,34,202610,2026,13
239,Lumpy,35,202611,2026,14
239,Lumpy,36,202612,2026,0
240,Lumpy,1,202401,2024,9
240,Lumpy,2,202402,2024,11
240,Lumpy,3,202403,2024,11
240,Lumpy,4,202404,2024,0
240,Lumpy,5,202405,2024,10
240,Lumpy,6,202406,2024,0
240,Lumpy,7,202407,2024,0
240,Lumpy,8,202408,2024,0
240,Lumpy,9,202409,2024,0
240,Lumpy,10,202410,2024,0
240,Lumpy,11,202411,2024,12
240,Lumpy,12,202412,2024,11
240,Lumpy,13,202501,2025,7
240,Lumpy,14,202502,2025,10
240,Lumpy,15,202503,2025,11
240,Lumpy,16,202504,2025,10
240,Lumpy,17,202505,2025,0
240,Lumpy,18,202506,2025,13
240,Lumpy,19,202507,2025,11
240,Lumpy,20,202508,2025,10
240,Lumpy,21,202509,2025,0
240,Lumpy,22,202510,2025,10
240,Lumpy,23,202511,2025,10
240,Lumpy,24,202512,2025,0
240,Lumpy,25,202601,2026,10
240,Lumpy,26,202602,2026,12
240,Lumpy,27,202603,2026,11
240,Lumpy,28,202604,2026,12
240,Lumpy,29,202605,2026,0
240,Lumpy,30,202606,2026,12
240,Lumpy,31,202607,2026,13
240,Lumpy,32,202608,2026,12
240,Lumpy,33,202609,2026,10
240,Lumpy,34,202610,2026,9
240,Lumpy,35,202611,2026,12
240,Lumpy,36,202612,2026,12
